forecast_id,ward_id,forecast_date,expected_census,expected_occupancy_pct,expected_avg_acuity,expected_admissions,expected_discharges,confidence_level,forecast_source,created_at,updated_at
39f6b9f7-7218-4662-8696-c2000d7cffcb,W001,2025-01-20,20,100.0,3.61,2,2,MEDIUM,HISTORICAL_MODEL,2026-01-14 02:44:55.951679,2026-01-14 02:44:55.951680
eed048c2-8202-4549-beb7-68d01aa65aa2,W002,2025-01-20,12,77.1,5.0,0,5,HIGH,HISTORICAL_MODEL,2026-01-14 02:44:55.951839,2026-01-14 02:44:55.951840
116177f3-d507-4901-855b-d4346bc823d2,W003,2025-01-20,20,65.0,3.93,1,2,HIGH,HISTORICAL_MODEL,2026-01-14 02:44:55.951984,2026-01-14 02:44:55.951984
3bb4e8a9-0ed8-49bf-89de-6181d4eadd11,W004,2025-01-20,24,78.0,3.31,4,5,MEDIUM,HISTORICAL_MODEL,2026-01-14 02:44:55.952107,2026-01-14 02:44:55.952108
dbabd874-d6ef-4050-8059-f7b40bfc91d2,W005,2025-01-20,22,81.2,4.66,3,1,MEDIUM,HISTORICAL_MODEL,2026-01-14 02:44:55.952216,2026-01-14 02:44:55.952217
6e28ad0f-d76f-4eed-b686-3393fb700c13,W006,2025-01-20,20,72.4,4.0,3,0,HIGH,HISTORICAL_MODEL,2026-01-14 02:44:55.952322,2026-01-14 02:44:55.952323
d32a55f8-b87c-47b0-be69-c5af18aa690e,W007,2025-01-20,22,93.1,2.99,3,2,HIGH,HISTORICAL_MODEL,2026-01-14 02:44:55.952425,2026-01-14 02:44:55.952425
9a5af114-412b-4492-81d1-5c1fda826f7a,W008,2025-01-20,14,70.8,2.68,1,0,HIGH,HISTORICAL_MODEL,2026-01-14 02:44:55.952531,2026-01-14 02:44:55.952532
13fc8373-7346-46e2-82f2-5f2bdd10389d,W001,2025-01-21,15,75.9,5.0,5,3,MEDIUM,HISTORICAL_MODEL,2026-01-14 02:44:55.952790,2026-01-14 02:44:55.952791
3883f491-6677-4393-8c1f-4f665885eef7,W002,2025-01-21,16,100.0,4.89,4,4,MEDIUM,HISTORICAL_MODEL,2026-01-14 02:44:55.952908,2026-01-14 02:44:55.952908
75152cc2-4bfa-40a3-b114-66eb97460b1b,W003,2025-01-21,28,89.0,2.75,0,0,HIGH,HISTORICAL_MODEL,2026-01-14 02:44:55.953054,2026-01-14 02:44:55.953055
e1215791-2a6c-40f3-851d-dfe093e37893,W004,2025-01-21,25,78.7,2.94,3,2,HIGH,HISTORICAL_MODEL,2026-01-14 02:44:55.953168,2026-01-14 02:44:55.953169
a4e981e4-3597-411a-879a-2e336c952357,W005,2025-01-21,22,81.5,3.89,5,0,HIGH,HISTORICAL_MODEL,2026-01-14 02:44:55.953279,2026-01-14 02:44:55.953279
c4d34bc8-80b8-4879-8db2-7cb2b9d00e5e,W006,2025-01-21,21,77.7,4.6,1,2,LOW,HISTORICAL_MODEL,2026-01-14 02:44:55.953380,2026-01-14 02:44:55.953381
e61e0540-6d8f-4b0e-a73b-feef356bddf4,W007,2025-01-21,19,82.5,3.75,1,4,LOW,HISTORICAL_MODEL,2026-01-14 02:44:55.953485,2026-01-14 02:44:55.953486
adbbdb3f-8805-44ce-ac19-b92e448175a3,W008,2025-01-21,16,80.2,2.94,4,4,HIGH,HISTORICAL_MODEL,2026-01-14 02:44:55.953589,2026-01-14 02:44:55.953590
13528a09-e347-4bc7-86ce-67989f23386f,W001,2025-01-22,13,67.5,4.94,0,4,HIGH,HISTORICAL_MODEL,2026-01-14 02:44:55.953846,2026-01-14 02:44:55.953847
f138586b-ce19-45ea-b5fa-b48460688004,W002,2025-01-22,14,87.8,4.86,3,1,MEDIUM,HISTORICAL_MODEL,2026-01-14 02:44:55.953990,2026-01-14 02:44:55.953991
acaeb002-5cc3-4df1-bdba-93039e79fad8,W003,2025-01-22,22,70.2,4.15,4,3,HIGH,HISTORICAL_MODEL,2026-01-14 02:44:55.954114,2026-01-14 02:44:55.954115
f5e24bc4-fe57-4877-a1dd-a461922be537,W004,2025-01-22,20,64.5,2.11,3,5,MEDIUM,HISTORICAL_MODEL,2026-01-14 02:44:55.954227,2026-01-14 02:44:55.954228
946c67c8-4ba3-4e8b-b3b1-2b4686bd2049,W005,2025-01-22,19,70.6,5.0,5,2,HIGH,HISTORICAL_MODEL,2026-01-14 02:44:55.954342,2026-01-14 02:44:55.954342
a30c55e8-0c97-4414-bf78-caf9ead8e633,W006,2025-01-22,21,76.9,3.67,4,1,MEDIUM,HISTORICAL_MODEL,2026-01-14 02:44:55.954472,2026-01-14 02:44:55.954473
95a0532b-8b26-44b4-a05e-a597bb122a9e,W007,2025-01-22,18,77.2,3.97,5,1,HIGH,HISTORICAL_MODEL,2026-01-14 02:44:55.954588,2026-01-14 02:44:55.954589
f51411ac-beb4-4834-bd34-4bca8925a0d8,W008,2025-01-22,17,87.8,3.34,1,3,MEDIUM,HISTORICAL_MODEL,2026-01-14 02:44:55.954694,2026-01-14 02:44:55.954695
a10bb159-3d41-4120-915f-d3aa91f80329,W001,2025-01-23,17,85.4,5.0,2,3,LOW,HISTORICAL_MODEL,2026-01-14 02:44:55.954958,2026-01-14 02:44:55.954959
6896a4e2-dc2b-49f0-8e25-8aba1b189e06,W002,2025-01-23,15,98.5,5.0,3,0,HIGH,HISTORICAL_MODEL,2026-01-14 02:44:55.955084,2026-01-14 02:44:55.955085
b8e02c1f-0644-4acd-b6d5-28d16691d736,W003,2025-01-23,23,71.9,3.06,2,0,HIGH,HISTORICAL_MODEL,2026-01-14 02:44:55.955198,2026-01-14 02:44:55.955198
3e3af03b-ea1f-4cc5-9f9b-045f05bd0e7e,W004,2025-01-23,17,55.5,2.86,1,5,HIGH,HISTORICAL_MODEL,2026-01-14 02:44:55.955306,2026-01-14 02:44:55.955306
e46d9d15-9750-4caf-bd99-e9649f6fafab,W005,2025-01-23,20,71.8,4.31,0,4,HIGH,HISTORICAL_MODEL,2026-01-14 02:44:55.955408,2026-01-14 02:44:55.955409
a069c54a-3566-4e56-86e3-aac943142409,W006,2025-01-23,26,93.6,3.82,0,4,MEDIUM,HISTORICAL_MODEL,2026-01-14 02:44:55.955528,2026-01-14 02:44:55.955530
f594aa55-55cd-4ce6-807d-2c87b6cf460c,W007,2025-01-23,17,74.3,2.67,0,2,HIGH,HISTORICAL_MODEL,2026-01-14 02:44:55.955656,2026-01-14 02:44:55.955656
570c9968-f1d0-4798-ad63-ce87a5609be1,W008,2025-01-23,17,88.5,3.65,1,4,HIGH,HISTORICAL_MODEL,2026-01-14 02:44:55.955767,2026-01-14 02:44:55.955768
608f996a-17d7-4577-8662-8b6c54aa69bc,W001,2025-01-24,15,76.4,5.0,5,3,MEDIUM,HISTORICAL_MODEL,2026-01-14 02:44:55.956015,2026-01-14 02:44:55.956016
2479d943-4802-4c40-99ea-dd359a20629c,W002,2025-01-24,9,59.7,5.0,0,1,HIGH,HISTORICAL_MODEL,2026-01-14 02:44:55.956136,2026-01-14 02:44:55.956137
700cdc4b-0733-40f8-b94a-42d02f291475,W003,2025-01-24,28,88.3,3.16,4,1,HIGH,HISTORICAL_MODEL,2026-01-14 02:44:55.956241,2026-01-14 02:44:55.956241
e46d8bac-35e2-4e99-8f8e-5f79538b967e,W004,2025-01-24,27,87.3,3.42,3,1,HIGH,HISTORICAL_MODEL,2026-01-14 02:44:55.956342,2026-01-14 02:44:55.956343
a857d0ba-cbec-4f7d-9bb6-dbdf0e45df96,W005,2025-01-24,25,90.1,3.9,2,2,HIGH,HISTORICAL_MODEL,2026-01-14 02:44:55.956444,2026-01-14 02:44:55.956445
069b1ffd-6170-4f40-a009-12f724be37ae,W006,2025-01-24,23,82.6,3.99,1,0,HIGH,HISTORICAL_MODEL,2026-01-14 02:44:55.956550,2026-01-14 02:44:55.956550
b5240480-69c6-4ea2-86d7-d2a9de9b059e,W007,2025-01-24,16,70.6,2.41,2,0,LOW,HISTORICAL_MODEL,2026-01-14 02:44:55.956692,2026-01-14 02:44:55.956693
dd09d491-463a-4709-b48d-346a5e595bdc,W008,2025-01-24,14,74.8,2.72,5,1,HIGH,HISTORICAL_MODEL,2026-01-14 02:44:55.956820,2026-01-14 02:44:55.956821
2304d840-82af-47c9-a042-c01842972922,W001,2025-01-25,15,78.2,4.24,1,0,HIGH,HISTORICAL_MODEL,2026-01-14 02:44:55.957090,2026-01-14 02:44:55.957091
b9e0ef94-7b3f-4e69-b6e2-95660b8996a8,W002,2025-01-25,14,87.9,3.96,4,0,MEDIUM,HISTORICAL_MODEL,2026-01-14 02:44:55.957206,2026-01-14 02:44:55.957207
f88bb8cc-47b5-40d9-908e-ec03b034ace1,W003,2025-01-25,23,74.9,2.93,5,5,HIGH,HISTORICAL_MODEL,2026-01-14 02:44:55.957320,2026-01-14 02:44:55.957320
25890288-a010-45f2-9dc7-b486ad673fe4,W004,2025-01-25,25,79.5,3.37,2,3,HIGH,HISTORICAL_MODEL,2026-01-14 02:44:55.957423,2026-01-14 02:44:55.957424
f68e8ece-1cdb-4128-b59b-2b7c4ed8f74f,W005,2025-01-25,20,74.6,3.88,3,1,HIGH,HISTORICAL_MODEL,2026-01-14 02:44:55.957528,2026-01-14 02:44:55.957528
b3e078b1-4c41-4b26-82df-4a17ba08df79,W006,2025-01-25,18,67.5,3.56,0,2,HIGH,HISTORICAL_MODEL,2026-01-14 02:44:55.957637,2026-01-14 02:44:55.957637
2beb9916-71e4-41ad-ae9c-f9914e52d42a,W007,2025-01-25,19,80.6,2.23,2,0,LOW,HISTORICAL_MODEL,2026-01-14 02:44:55.957773,2026-01-14 02:44:55.957774
e012820c-175b-4688-a367-af2847759ba9,W008,2025-01-25,15,77.4,3.46,0,0,LOW,HISTORICAL_MODEL,2026-01-14 02:44:55.957896,2026-01-14 02:44:55.957896
f4e70654-a6e7-4faf-b7c1-e6b834c5966c,W001,2025-01-26,16,83.5,4.67,5,5,MEDIUM,HISTORICAL_MODEL,2026-01-14 02:44:55.958161,2026-01-14 02:44:55.958162
85c313a3-c9ea-481e-93e3-01f04cad75f5,W002,2025-01-26,14,91.2,4.75,3,5,HIGH,HISTORICAL_MODEL,2026-01-14 02:44:55.958271,2026-01-14 02:44:55.958272
857d59a5-5243-4ee8-8556-a39812c7500e,W003,2025-01-26,23,73.7,2.75,4,5,HIGH,HISTORICAL_MODEL,2026-01-14 02:44:55.958374,2026-01-14 02:44:55.958374
b9d1c7f3-fb00-4b15-9106-54f98e54eac7,W004,2025-01-26,25,80.2,3.6,2,0,HIGH,HISTORICAL_MODEL,2026-01-14 02:44:55.958479,2026-01-14 02:44:55.958480
420f0836-7c3a-4868-b0a7-a102fa96d69b,W005,2025-01-26,26,95.0,4.23,4,1,HIGH,HISTORICAL_MODEL,2026-01-14 02:44:55.958584,2026-01-14 02:44:55.958585
6c08db48-d88f-40b5-86b6-65377d4dbc6a,W006,2025-01-26,19,71.1,3.15,1,2,HIGH,HISTORICAL_MODEL,2026-01-14 02:44:55.958684,2026-01-14 02:44:55.958685
dbd09785-3b68-4532-8fc2-bc5b290768db,W007,2025-01-26,23,97.4,2.67,2,1,MEDIUM,HISTORICAL_MODEL,2026-01-14 02:44:55.958803,2026-01-14 02:44:55.958804
958c2fdd-b3f1-4d7b-aa4e-f9966c446c7a,W008,2025-01-26,14,73.7,3.56,4,5,HIGH,HISTORICAL_MODEL,2026-01-14 02:44:55.958951,2026-01-14 02:44:55.958952
7d5ed4a6-8c30-4288-9cf4-c87b08ba376c,W001,2025-01-27,16,83.2,4.12,0,0,HIGH,HISTORICAL_MODEL,2026-01-14 02:44:55.959192,2026-01-14 02:44:55.959193
0edc6371-fda7-44ed-9473-dfff5a8683fe,W002,2025-01-27,14,90.1,4.9,4,3,MEDIUM,HISTORICAL_MODEL,2026-01-14 02:44:55.959309,2026-01-14 02:44:55.959310
7943b023-d4ad-43ec-95c4-3c56c902e990,W003,2025-01-27,20,65.3,2.57,5,4,HIGH,HISTORICAL_MODEL,2026-01-14 02:44:55.959421,2026-01-14 02:44:55.959422
5f4db4b2-fb73-4c81-8f23-1a00f5348d1f,W004,2025-01-27,23,72.6,3.05,2,0,HIGH,HISTORICAL_MODEL,2026-01-14 02:44:55.959531,2026-01-14 02:44:55.959531
b782fe27-e9a5-411f-bd1a-3354a5d3f9f6,W005,2025-01-27,24,89.1,4.02,5,1,HIGH,HISTORICAL_MODEL,2026-01-14 02:44:55.959641,2026-01-14 02:44:55.959642
56e2628c-250d-49a2-979c-511aadde0594,W006,2025-01-27,23,85.4,5.0,1,2,MEDIUM,HISTORICAL_MODEL,2026-01-14 02:44:55.959749,2026-01-14 02:44:55.959750
56c4b864-2198-4e74-a5e1-49df88e989e5,W007,2025-01-27,18,76.6,3.87,4,3,MEDIUM,HISTORICAL_MODEL,2026-01-14 02:44:55.959854,2026-01-14 02:44:55.959855
beca4ee8-a5bd-4598-a495-0eb09f34f766,W008,2025-01-27,13,68.6,2.76,0,4,HIGH,HISTORICAL_MODEL,2026-01-14 02:44:55.960000,2026-01-14 02:44:55.960001
e09ffd14-2b6e-4b36-a885-b6d8357a8969,W001,2025-01-28,14,73.3,4.63,5,5,LOW,HISTORICAL_MODEL,2026-01-14 02:44:55.960230,2026-01-14 02:44:55.960231
62b9a817-d219-4412-8bc7-9df19a7c7da0,W002,2025-01-28,14,88.2,4.69,4,3,HIGH,HISTORICAL_MODEL,2026-01-14 02:44:55.960344,2026-01-14 02:44:55.960344
cbace76f-20c1-47bb-81c2-29adc431de64,W003,2025-01-28,27,85.4,2.95,1,5,HIGH,HISTORICAL_MODEL,2026-01-14 02:44:55.960454,2026-01-14 02:44:55.960455
5fc7ca76-70b8-45bf-9600-98f2a2b09e71,W004,2025-01-28,22,69.6,3.32,3,2,LOW,HISTORICAL_MODEL,2026-01-14 02:44:55.960565,2026-01-14 02:44:55.960566
47de2b50-ca00-43f3-80a3-f360c9d65000,W005,2025-01-28,20,71.9,4.43,4,3,HIGH,HISTORICAL_MODEL,2026-01-14 02:44:55.960677,2026-01-14 02:44:55.960677
17c9cb5c-5b75-468e-a6b7-458543591131,W006,2025-01-28,21,77.5,3.7,1,1,HIGH,HISTORICAL_MODEL,2026-01-14 02:44:55.960792,2026-01-14 02:44:55.960793
fa270370-9914-4924-bf8f-39fa1073365b,W007,2025-01-28,17,72.2,2.56,1,2,HIGH,HISTORICAL_MODEL,2026-01-14 02:44:55.960902,2026-01-14 02:44:55.960903
e16b0d0a-0ad3-43e2-9af9-6d7cf86dff75,W008,2025-01-28,14,72.8,3.09,0,3,HIGH,HISTORICAL_MODEL,2026-01-14 02:44:55.961055,2026-01-14 02:44:55.961056
9a9c683b-f84d-4abc-a665-1940eea693dd,W001,2025-01-29,16,84.5,4.84,2,1,MEDIUM,HISTORICAL_MODEL,2026-01-14 02:44:55.961285,2026-01-14 02:44:55.961286
68fa55b1-2ed8-4c93-a20d-5dacb6af037f,W002,2025-01-29,11,73.1,4.8,1,2,MEDIUM,HISTORICAL_MODEL,2026-01-14 02:44:55.961397,2026-01-14 02:44:55.961398
b6ebc2c0-7c6b-4150-a053-8efa0bc1f6ec,W003,2025-01-29,22,69.4,3.25,0,2,MEDIUM,HISTORICAL_MODEL,2026-01-14 02:44:55.961508,2026-01-14 02:44:55.961508
9ff5648d-1ddf-4c1d-90ff-378f5a135a08,W004,2025-01-29,26,82.5,3.49,5,5,HIGH,HISTORICAL_MODEL,2026-01-14 02:44:55.961616,2026-01-14 02:44:55.961617
7b972fb7-7119-4500-9637-e9f79e45ad3c,W005,2025-01-29,20,74.1,4.96,5,1,MEDIUM,HISTORICAL_MODEL,2026-01-14 02:44:55.961723,2026-01-14 02:44:55.961723
5b2646b4-dec0-477e-8502-e9b416e78b37,W006,2025-01-29,17,62.9,4.69,1,3,HIGH,HISTORICAL_MODEL,2026-01-14 02:44:55.961839,2026-01-14 02:44:55.961840
6c994ad1-affa-46d8-839a-6074acfda95c,W007,2025-01-29,16,70.5,3.56,0,0,MEDIUM,HISTORICAL_MODEL,2026-01-14 02:44:55.961965,2026-01-14 02:44:55.961966
af7ca63f-0e1a-4f59-9e08-1450609e7adc,W008,2025-01-29,14,73.9,2.39,4,4,LOW,HISTORICAL_MODEL,2026-01-14 02:44:55.962102,2026-01-14 02:44:55.962103
a3811971-b85e-469f-a9c6-43d9088cbf38,W001,2025-01-30,19,98.0,5.0,0,0,HIGH,HISTORICAL_MODEL,2026-01-14 02:44:55.962332,2026-01-14 02:44:55.962333
3a311cc7-b331-4926-80d2-0e1cf8702703,W002,2025-01-30,14,89.6,5.0,1,2,HIGH,HISTORICAL_MODEL,2026-01-14 02:44:55.962444,2026-01-14 02:44:55.962445
9d9b12f2-3535-419d-a842-d6d5912dbab2,W003,2025-01-30,25,79.3,3.12,3,4,MEDIUM,HISTORICAL_MODEL,2026-01-14 02:44:55.962554,2026-01-14 02:44:55.962555
4b2bc2e2-efd4-40f6-ad6f-a62b0b09091b,W004,2025-01-30,18,56.5,2.72,3,0,HIGH,HISTORICAL_MODEL,2026-01-14 02:44:55.962661,2026-01-14 02:44:55.962662
8d1c4732-a84b-4953-ab14-c708a5b2acdc,W005,2025-01-30,25,89.4,4.43,5,3,HIGH,HISTORICAL_MODEL,2026-01-14 02:44:55.962772,2026-01-14 02:44:55.962773
48bcc11c-54ec-42a8-8cf0-e8e526fb7838,W006,2025-01-30,23,84.0,4.34,1,0,HIGH,HISTORICAL_MODEL,2026-01-14 02:44:55.962881,2026-01-14 02:44:55.962882
4d7b9b0a-8093-46b7-b26d-533b1a5c30f7,W007,2025-01-30,24,100.0,2.17,3,0,HIGH,HISTORICAL_MODEL,2026-01-14 02:44:55.963018,2026-01-14 02:44:55.963019
aa2d68df-def3-4ecb-a927-d6e0fa05cdb3,W008,2025-01-30,14,73.4,2.41,1,4,HIGH,HISTORICAL_MODEL,2026-01-14 02:44:55.963179,2026-01-14 02:44:55.963180
3eba12a7-661f-461e-8be4-61e0926d7d74,W001,2025-01-31,18,90.1,4.87,3,3,LOW,HISTORICAL_MODEL,2026-01-14 02:44:55.963414,2026-01-14 02:44:55.963415
97d90d2f-a0c7-45db-a965-94df67f70bad,W002,2025-01-31,13,83.4,4.33,5,5,HIGH,HISTORICAL_MODEL,2026-01-14 02:44:55.963526,2026-01-14 02:44:55.963527
da0f6b4b-2014-4e41-aae0-c75998420848,W003,2025-01-31,29,91.4,3.75,1,0,HIGH,HISTORICAL_MODEL,2026-01-14 02:44:55.963634,2026-01-14 02:44:55.963634
7c644dfc-c5f3-4261-b922-5b9058cd457e,W004,2025-01-31,19,60.1,3.16,1,0,HIGH,HISTORICAL_MODEL,2026-01-14 02:44:55.963746,2026-01-14 02:44:55.963747
5abb2d93-87c0-4dcc-8e98-50aeb7c8995e,W005,2025-01-31,18,66.7,4.58,0,4,HIGH,HISTORICAL_MODEL,2026-01-14 02:44:55.963854,2026-01-14 02:44:55.963855
13957061-5996-4869-bb23-ad56aad521de,W006,2025-01-31,23,83.0,3.98,2,1,HIGH,HISTORICAL_MODEL,2026-01-14 02:44:55.963979,2026-01-14 02:44:55.963980
a1664713-3e75-4122-8dae-bd8f5fa334fd,W007,2025-01-31,22,94.6,2.81,3,3,HIGH,HISTORICAL_MODEL,2026-01-14 02:44:55.964107,2026-01-14 02:44:55.964107
4815c5e3-f787-47eb-ab46-d511c23aca04,W008,2025-01-31,17,87.2,3.37,5,1,LOW,HISTORICAL_MODEL,2026-01-14 02:44:55.964224,2026-01-14 02:44:55.964225
a6970bba-9c07-4fe8-9738-2151205c320f,W001,2025-02-01,17,87.6,5.0,0,4,MEDIUM,HISTORICAL_MODEL,2026-01-14 02:44:55.964487,2026-01-14 02:44:55.964488
e1a03574-834f-4a0b-b71b-06530cab8d09,W002,2025-02-01,13,81.8,5.0,2,1,HIGH,HISTORICAL_MODEL,2026-01-14 02:44:55.964605,2026-01-14 02:44:55.964606
fcabda63-8646-4a32-918c-5b711b84e47b,W003,2025-02-01,22,68.9,2.43,3,4,MEDIUM,HISTORICAL_MODEL,2026-01-14 02:44:55.964714,2026-01-14 02:44:55.964715
ba564516-e0a6-48a7-b6d5-a9c79fc47907,W004,2025-02-01,27,85.2,3.05,4,0,HIGH,HISTORICAL_MODEL,2026-01-14 02:44:55.964830,2026-01-14 02:44:55.964830
ddf081a8-b3d5-4951-a8dc-6a9c4a087e37,W005,2025-02-01,18,65.3,4.54,0,2,HIGH,HISTORICAL_MODEL,2026-01-14 02:44:55.964959,2026-01-14 02:44:55.964960
12a9349b-204d-4231-851e-c6c4d0c10bae,W006,2025-02-01,22,79.2,4.28,3,3,HIGH,HISTORICAL_MODEL,2026-01-14 02:44:55.965082,2026-01-14 02:44:55.965083
2252d6e4-0935-4fd2-925e-7649541aeb75,W007,2025-02-01,18,78.5,3.07,4,2,HIGH,HISTORICAL_MODEL,2026-01-14 02:44:55.965185,2026-01-14 02:44:55.965186
18dee684-6874-4960-a8e1-b9bd43895ff9,W008,2025-02-01,15,77.1,3.44,0,0,MEDIUM,HISTORICAL_MODEL,2026-01-14 02:44:55.965286,2026-01-14 02:44:55.965287
224ea059-dcc7-489f-b177-c239ec09a93c,W001,2025-02-02,13,69.7,5.0,0,3,LOW,HISTORICAL_MODEL,2026-01-14 02:44:55.965568,2026-01-14 02:44:55.965569
a5c71bfe-86ef-4ad4-872d-1802735f8d32,W002,2025-02-02,13,86.5,5.0,1,1,MEDIUM,HISTORICAL_MODEL,2026-01-14 02:44:55.965685,2026-01-14 02:44:55.965686
8396ed67-80dd-45f8-9a70-768b98d875b7,W003,2025-02-02,22,71.6,4.21,2,4,MEDIUM,HISTORICAL_MODEL,2026-01-14 02:44:55.965803,2026-01-14 02:44:55.965804
46e3bfa6-13c3-4de3-aca2-d3edfda5ca01,W004,2025-02-02,30,96.6,3.59,0,0,MEDIUM,HISTORICAL_MODEL,2026-01-14 02:44:55.965912,2026-01-14 02:44:55.965913
3e0e7cc9-c1a5-4a71-9921-4cd23daffb2f,W005,2025-02-02,17,64.2,3.99,3,1,HIGH,HISTORICAL_MODEL,2026-01-14 02:44:55.966059,2026-01-14 02:44:55.966060
f21465b4-f742-46e4-990a-399506ca7888,W006,2025-02-02,24,86.9,3.77,4,3,HIGH,HISTORICAL_MODEL,2026-01-14 02:44:55.966171,2026-01-14 02:44:55.966172
914849d0-6728-4ba3-aded-a4bd0d5c3167,W007,2025-02-02,17,72.0,4.08,0,1,MEDIUM,HISTORICAL_MODEL,2026-01-14 02:44:55.966273,2026-01-14 02:44:55.966273
3c3b6660-72d0-41d0-8162-4a536221f140,W008,2025-02-02,14,71.5,1.99,0,5,MEDIUM,HISTORICAL_MODEL,2026-01-14 02:44:55.966373,2026-01-14 02:44:55.966374
09d3c7d7-7162-4376-8285-23a139f002f8,W001,2025-02-03,16,83.1,5.0,3,1,HIGH,HISTORICAL_MODEL,2026-01-14 02:44:55.966623,2026-01-14 02:44:55.966624
d7abeb76-6ffd-4cc7-97e4-b669fb725c09,W002,2025-02-03,11,71.9,5.0,1,0,HIGH,HISTORICAL_MODEL,2026-01-14 02:44:55.966758,2026-01-14 02:44:55.966759
34e86796-8b66-4ad2-91b2-daba35da0fd6,W003,2025-02-03,21,66.6,2.99,0,1,HIGH,HISTORICAL_MODEL,2026-01-14 02:44:55.966880,2026-01-14 02:44:55.966880
504869e5-5e46-4cbf-aeb0-678f5d87dbb9,W004,2025-02-03,22,70.9,2.29,4,3,HIGH,HISTORICAL_MODEL,2026-01-14 02:44:55.967031,2026-01-14 02:44:55.967032
97dcf576-f941-4550-b542-a0527aff2bcc,W005,2025-02-03,21,76.6,4.18,4,0,LOW,HISTORICAL_MODEL,2026-01-14 02:44:55.967156,2026-01-14 02:44:55.967157
263edb7c-1a93-40e7-b9f5-9b758f320ab9,W006,2025-02-03,25,91.3,3.86,5,4,MEDIUM,HISTORICAL_MODEL,2026-01-14 02:44:55.967274,2026-01-14 02:44:55.967274
61ec3120-894e-42f2-8832-13ef69abeb21,W007,2025-02-03,20,83.7,3.38,3,0,HIGH,HISTORICAL_MODEL,2026-01-14 02:44:55.967384,2026-01-14 02:44:55.967385
a531f5d1-36a3-4539-b864-ee012c2d0b01,W008,2025-02-03,16,84.5,4.47,5,3,HIGH,HISTORICAL_MODEL,2026-01-14 02:44:55.967498,2026-01-14 02:44:55.967499
23a30729-639f-4118-bd19-50609990249a,W001,2025-02-04,16,84.2,4.81,3,1,MEDIUM,HISTORICAL_MODEL,2026-01-14 02:44:55.967767,2026-01-14 02:44:55.967768
c9a01073-4f04-4d6a-b729-56f506564bf1,W002,2025-02-04,15,98.2,5.0,1,0,MEDIUM,HISTORICAL_MODEL,2026-01-14 02:44:55.967891,2026-01-14 02:44:55.967891
e12479d4-964c-4285-8f48-38c8473a2792,W003,2025-02-04,19,62.2,2.23,0,2,HIGH,HISTORICAL_MODEL,2026-01-14 02:44:55.968033,2026-01-14 02:44:55.968034
6e9ee728-4382-4c65-917f-0c6722e505ec,W004,2025-02-04,22,70.1,3.31,2,5,MEDIUM,HISTORICAL_MODEL,2026-01-14 02:44:55.968147,2026-01-14 02:44:55.968148
cece05d2-d80f-456d-88e5-32d78d86446e,W005,2025-02-04,27,96.6,3.23,2,5,MEDIUM,HISTORICAL_MODEL,2026-01-14 02:44:55.968256,2026-01-14 02:44:55.968257
eab93fc9-0cf3-462d-9fed-4ad5afd0fddb,W006,2025-02-04,23,82.3,2.84,3,0,HIGH,HISTORICAL_MODEL,2026-01-14 02:44:55.968367,2026-01-14 02:44:55.968368
279fe983-44ac-4c2f-a616-3cd587c50bd0,W007,2025-02-04,17,73.9,2.63,3,0,HIGH,HISTORICAL_MODEL,2026-01-14 02:44:55.968476,2026-01-14 02:44:55.968476
0178a9c2-5ce3-4ca4-b784-cd4063926083,W008,2025-02-04,18,91.1,2.18,4,1,HIGH,HISTORICAL_MODEL,2026-01-14 02:44:55.968586,2026-01-14 02:44:55.968587
4855c111-c324-4c0d-b600-d3165f6ef581,W001,2025-02-05,15,78.1,5.0,4,0,MEDIUM,HISTORICAL_MODEL,2026-01-14 02:44:55.968843,2026-01-14 02:44:55.968844
961e8e21-90bf-4361-8a65-94f417a5147f,W002,2025-02-05,12,76.3,4.19,3,0,MEDIUM,HISTORICAL_MODEL,2026-01-14 02:44:55.968977,2026-01-14 02:44:55.968978
f95fa407-d4ea-4b7a-b1de-baa7e6ad9ec6,W003,2025-02-05,24,75.2,2.95,3,2,HIGH,HISTORICAL_MODEL,2026-01-14 02:44:55.969097,2026-01-14 02:44:55.969098
9256159e-2797-41d5-99a3-1d4e13961027,W004,2025-02-05,19,60.9,2.72,2,1,HIGH,HISTORICAL_MODEL,2026-01-14 02:44:55.969211,2026-01-14 02:44:55.969212
85a2de33-4fe7-48f1-a2d4-fc5b8076bec3,W005,2025-02-05,21,78.5,4.5,3,0,HIGH,HISTORICAL_MODEL,2026-01-14 02:44:55.969336,2026-01-14 02:44:55.969336
6fb5bc7a-2028-4ce9-b7bc-b93f27a994e7,W006,2025-02-05,27,99.5,3.71,1,1,HIGH,HISTORICAL_MODEL,2026-01-14 02:44:55.969457,2026-01-14 02:44:55.969458
ad1e7230-dba4-4b4b-a072-da8ef6427e14,W007,2025-02-05,23,96.9,2.37,2,2,LOW,HISTORICAL_MODEL,2026-01-14 02:44:55.969569,2026-01-14 02:44:55.969570
40145aa6-fd41-4262-931f-4702471b2df0,W008,2025-02-05,13,67.6,2.35,1,1,HIGH,HISTORICAL_MODEL,2026-01-14 02:44:55.969678,2026-01-14 02:44:55.969679
f3851f0a-7b23-4f08-9531-05259cd493bd,W001,2025-02-06,13,68.6,5.0,2,1,HIGH,HISTORICAL_MODEL,2026-01-14 02:44:55.969968,2026-01-14 02:44:55.969969
092a1b32-623b-4116-b4cd-a2542de9417d,W002,2025-02-06,14,92.1,5.0,0,5,HIGH,HISTORICAL_MODEL,2026-01-14 02:44:55.970100,2026-01-14 02:44:55.970101
7b78262c-aca4-464b-9390-12986acf9b18,W003,2025-02-06,24,76.7,3.54,3,0,HIGH,HISTORICAL_MODEL,2026-01-14 02:44:55.970215,2026-01-14 02:44:55.970215
07883ad0-a049-4cd3-b9b0-72240472db54,W004,2025-02-06,22,71.8,2.77,1,2,HIGH,HISTORICAL_MODEL,2026-01-14 02:44:55.970323,2026-01-14 02:44:55.970324
ff7976e8-3bb2-4f2d-be4a-d9778ec12766,W005,2025-02-06,18,67.6,4.31,1,1,HIGH,HISTORICAL_MODEL,2026-01-14 02:44:55.970431,2026-01-14 02:44:55.970431
03bce5e8-c1c7-4903-b9ed-5a516bd788e4,W006,2025-02-06,27,97.2,4.39,4,2,HIGH,HISTORICAL_MODEL,2026-01-14 02:44:55.970538,2026-01-14 02:44:55.970539
e9fa312a-fc54-45b2-8a61-b9e1d569f9b3,W007,2025-02-06,22,94.7,2.89,0,1,HIGH,HISTORICAL_MODEL,2026-01-14 02:44:55.970640,2026-01-14 02:44:55.970641
054248d0-f44f-4ef7-8e4e-78d5782eb3d8,W008,2025-02-06,11,59.6,3.25,5,5,HIGH,HISTORICAL_MODEL,2026-01-14 02:44:55.970747,2026-01-14 02:44:55.970747
3324040a-85f8-48c3-9c95-5390274471e0,W001,2025-02-07,17,89.3,3.96,5,0,HIGH,HISTORICAL_MODEL,2026-01-14 02:44:55.971016,2026-01-14 02:44:55.971017
af273042-79bd-46cd-9927-14e4a15b363b,W002,2025-02-07,13,85.6,5.0,4,2,HIGH,HISTORICAL_MODEL,2026-01-14 02:44:55.971143,2026-01-14 02:44:55.971144
12b90e8a-b210-43be-a5cc-dcd600314e8e,W003,2025-02-07,25,81.0,2.59,2,5,HIGH,HISTORICAL_MODEL,2026-01-14 02:44:55.971256,2026-01-14 02:44:55.971257
3e78ced9-d3b6-436a-a63d-e2a78653035b,W004,2025-02-07,26,83.1,2.39,3,3,LOW,HISTORICAL_MODEL,2026-01-14 02:44:55.971364,2026-01-14 02:44:55.971365
87d26c30-ca2a-4988-a585-a5ca98d80f65,W005,2025-02-07,22,79.0,3.99,1,3,HIGH,HISTORICAL_MODEL,2026-01-14 02:44:55.971486,2026-01-14 02:44:55.971487
c60ffd4f-5520-43f4-852c-7fa5e1bbacdc,W006,2025-02-07,22,81.8,4.08,4,0,MEDIUM,HISTORICAL_MODEL,2026-01-14 02:44:55.971600,2026-01-14 02:44:55.971601
ce20e3ea-fa0c-4136-8d2d-462876bcf0c2,W007,2025-02-07,18,77.0,2.87,1,5,LOW,HISTORICAL_MODEL,2026-01-14 02:44:55.971708,2026-01-14 02:44:55.971709
8fd0f918-5210-4855-a197-4d265a5054dc,W008,2025-02-07,16,81.2,3.07,1,3,MEDIUM,HISTORICAL_MODEL,2026-01-14 02:44:55.971822,2026-01-14 02:44:55.971823
0815f619-5882-402c-9c7d-84c2669e2271,W001,2025-02-08,18,93.4,5.0,5,5,HIGH,HISTORICAL_MODEL,2026-01-14 02:44:55.972086,2026-01-14 02:44:55.972087
dbb3b567-d955-473e-b4ea-4567240383fe,W002,2025-02-08,14,88.4,4.44,2,2,HIGH,HISTORICAL_MODEL,2026-01-14 02:44:55.972197,2026-01-14 02:44:55.972198
4df688e9-db74-47bf-a993-734c4df1dae2,W003,2025-02-08,22,71.7,3.1,0,1,HIGH,HISTORICAL_MODEL,2026-01-14 02:44:55.972310,2026-01-14 02:44:55.972310
030b5cd8-7984-4a59-a4f8-ec5d42cf230c,W004,2025-02-08,24,78.0,2.61,1,3,MEDIUM,HISTORICAL_MODEL,2026-01-14 02:44:55.972413,2026-01-14 02:44:55.972413
d3364877-f894-4dab-87ef-4a856240a68f,W005,2025-02-08,19,68.9,4.38,3,0,LOW,HISTORICAL_MODEL,2026-01-14 02:44:55.972516,2026-01-14 02:44:55.972517
cb9e368f-a216-49f8-b429-538061475a25,W006,2025-02-08,18,66.4,4.38,5,3,MEDIUM,HISTORICAL_MODEL,2026-01-14 02:44:55.972619,2026-01-14 02:44:55.972620
eb6587d8-49a6-4f20-80fe-5bd6824f2bd9,W007,2025-02-08,14,60.3,2.55,4,2,MEDIUM,HISTORICAL_MODEL,2026-01-14 02:44:55.972720,2026-01-14 02:44:55.972721
80ef3c2c-f733-4b21-aec8-01b02d3590ee,W008,2025-02-08,17,86.1,2.27,5,4,MEDIUM,HISTORICAL_MODEL,2026-01-14 02:44:55.972829,2026-01-14 02:44:55.972830
eac8a5fc-8f1c-4c6d-b654-72c080de235e,W001,2025-02-09,12,64.8,5.0,0,5,HIGH,HISTORICAL_MODEL,2026-01-14 02:44:55.973104,2026-01-14 02:44:55.973105
e3579ed8-17e2-4d31-9bcb-e55b26ca786c,W002,2025-02-09,15,95.6,5.0,1,2,HIGH,HISTORICAL_MODEL,2026-01-14 02:44:55.973229,2026-01-14 02:44:55.973230
71014cd4-ba34-42e4-a9de-74d8e28a63b5,W003,2025-02-09,24,75.4,2.88,2,5,HIGH,HISTORICAL_MODEL,2026-01-14 02:44:55.973335,2026-01-14 02:44:55.973336
ff415e75-a3c0-457e-9726-391d69575a2d,W004,2025-02-09,28,87.7,3.35,2,4,HIGH,HISTORICAL_MODEL,2026-01-14 02:44:55.973438,2026-01-14 02:44:55.973439
1623fc25-9762-454b-b151-9cf101cbc708,W005,2025-02-09,21,76.2,4.03,4,2,MEDIUM,HISTORICAL_MODEL,2026-01-14 02:44:55.973542,2026-01-14 02:44:55.973543
12476130-316f-4afc-a8aa-c955a6268b5c,W006,2025-02-09,15,53.7,4.09,0,3,HIGH,HISTORICAL_MODEL,2026-01-14 02:44:55.973643,2026-01-14 02:44:55.973644
de7d9886-c382-40f5-9e65-1feeccfb5328,W007,2025-02-09,20,85.2,1.91,0,1,MEDIUM,HISTORICAL_MODEL,2026-01-14 02:44:55.973757,2026-01-14 02:44:55.973758
58c23b8f-4aba-407e-acc6-e55cac41fb97,W008,2025-02-09,15,76.8,3.91,0,0,MEDIUM,HISTORICAL_MODEL,2026-01-14 02:44:55.973859,2026-01-14 02:44:55.973860
6e72241d-46c6-4bee-9360-0b0a7140b2be,W001,2025-02-10,18,94.2,4.92,4,5,HIGH,HISTORICAL_MODEL,2026-01-14 02:44:55.974115,2026-01-14 02:44:55.974116
ba41af4e-5794-43bc-8b64-77038cefd998,W002,2025-02-10,13,86.3,5.0,0,2,HIGH,HISTORICAL_MODEL,2026-01-14 02:44:55.974281,2026-01-14 02:44:55.974282
e50653a5-647e-43aa-9acc-4a25b4fbf139,W003,2025-02-10,23,74.0,2.3,4,4,HIGH,HISTORICAL_MODEL,2026-01-14 02:44:55.974403,2026-01-14 02:44:55.974404
6c8e69b8-673f-41ab-8efd-955082da5586,W004,2025-02-10,25,78.9,2.44,0,1,HIGH,HISTORICAL_MODEL,2026-01-14 02:44:55.974521,2026-01-14 02:44:55.974522
d68a5339-9f2f-4bc0-81ee-9ccb04a04103,W005,2025-02-10,23,85.2,4.1,3,4,HIGH,HISTORICAL_MODEL,2026-01-14 02:44:55.974635,2026-01-14 02:44:55.974635
4478a29b-3f00-481a-a71a-b4158b450464,W006,2025-02-10,20,71.7,4.08,3,5,MEDIUM,HISTORICAL_MODEL,2026-01-14 02:44:55.974754,2026-01-14 02:44:55.974755
0e55675e-dc08-4f5f-b6d0-76ac9a387c6f,W007,2025-02-10,18,78.2,2.97,2,5,MEDIUM,HISTORICAL_MODEL,2026-01-14 02:44:55.974900,2026-01-14 02:44:55.974901
ae95517e-7f8d-4edd-b341-7b91de2e072a,W008,2025-02-10,12,64.4,3.03,4,4,MEDIUM,HISTORICAL_MODEL,2026-01-14 02:44:55.975052,2026-01-14 02:44:55.975053
2385e105-8425-49cc-97d8-613ccef0ede2,W001,2025-02-11,15,79.6,5.0,3,2,HIGH,HISTORICAL_MODEL,2026-01-14 02:44:55.975302,2026-01-14 02:44:55.975304
6fc8193e-5ad1-433b-a398-7939a86afbe8,W002,2025-02-11,12,79.3,5.0,3,4,LOW,HISTORICAL_MODEL,2026-01-14 02:44:55.975445,2026-01-14 02:44:55.975445
6de91d06-cd88-4408-8345-8bc728933a3b,W003,2025-02-11,21,66.8,2.92,3,4,MEDIUM,HISTORICAL_MODEL,2026-01-14 02:44:55.975559,2026-01-14 02:44:55.975560
e31f2031-c252-4791-93d9-6822afd057b7,W004,2025-02-11,25,79.8,1.86,5,3,HIGH,HISTORICAL_MODEL,2026-01-14 02:44:55.975663,2026-01-14 02:44:55.975664
93606bdd-c6cd-4609-9b21-bbd6fefd3f43,W005,2025-02-11,28,100.0,4.21,1,1,MEDIUM,HISTORICAL_MODEL,2026-01-14 02:44:55.975772,2026-01-14 02:44:55.975772
cb5c3dfb-ae9c-4b60-b63f-d5df819fa8cb,W006,2025-02-11,19,69.4,4.24,3,3,HIGH,HISTORICAL_MODEL,2026-01-14 02:44:55.975875,2026-01-14 02:44:55.975876
db1a4066-d1f2-470c-9c75-74d2b3ace04c,W007,2025-02-11,18,76.8,3.13,0,0,HIGH,HISTORICAL_MODEL,2026-01-14 02:44:55.976011,2026-01-14 02:44:55.976011
0f89afe1-7597-4c8e-bf0a-0c372b49eec6,W008,2025-02-11,13,66.4,2.47,4,4,MEDIUM,HISTORICAL_MODEL,2026-01-14 02:44:55.976121,2026-01-14 02:44:55.976122
9f3c209c-e7c1-419e-aa3b-fe4c684f9925,W001,2025-02-12,17,89.4,5.0,2,2,MEDIUM,HISTORICAL_MODEL,2026-01-14 02:44:55.976343,2026-01-14 02:44:55.976344
47d3a790-2373-48f4-a074-b3441a62a841,W002,2025-02-12,12,79.3,5.0,3,2,HIGH,HISTORICAL_MODEL,2026-01-14 02:44:55.976484,2026-01-14 02:44:55.976485
3a3f2dd5-1194-48fe-bf09-0a615e45189b,W003,2025-02-12,22,70.5,2.71,0,4,MEDIUM,HISTORICAL_MODEL,2026-01-14 02:44:55.976600,2026-01-14 02:44:55.976601
886e85b1-7ca5-4e63-8f7e-24d0a08b1589,W004,2025-02-12,31,99.7,2.05,5,1,HIGH,HISTORICAL_MODEL,2026-01-14 02:44:55.976704,2026-01-14 02:44:55.976705
07507309-65bc-4d13-800b-6b3712681c6f,W005,2025-02-12,19,69.4,3.63,3,5,HIGH,HISTORICAL_MODEL,2026-01-14 02:44:55.976816,2026-01-14 02:44:55.976817
53faaab6-2683-46b0-9029-edbd44b2f6e9,W006,2025-02-12,18,66.7,4.38,4,0,MEDIUM,HISTORICAL_MODEL,2026-01-14 02:44:55.976934,2026-01-14 02:44:55.976935
ed0e75c4-e9ca-438d-bddf-4727af942e4d,W007,2025-02-12,19,81.7,2.23,4,0,MEDIUM,HISTORICAL_MODEL,2026-01-14 02:44:55.977057,2026-01-14 02:44:55.977057
ad3e039c-6586-4e69-a2ea-54510fa5e5a5,W008,2025-02-12,11,56.3,2.01,4,0,MEDIUM,HISTORICAL_MODEL,2026-01-14 02:44:55.977161,2026-01-14 02:44:55.977162
1094ae96-12e6-4987-be01-33b069925244,W001,2025-02-13,17,88.9,5.0,3,2,HIGH,HISTORICAL_MODEL,2026-01-14 02:44:55.977388,2026-01-14 02:44:55.977389
b55305cd-c859-4cb8-95c0-8b9f7c6c0852,W002,2025-02-13,13,86.7,5.0,4,4,HIGH,HISTORICAL_MODEL,2026-01-14 02:44:55.977505,2026-01-14 02:44:55.977506
059e0331-4e9b-403d-ac12-d6e9b0fcdab9,W003,2025-02-13,27,86.3,3.86,1,0,HIGH,HISTORICAL_MODEL,2026-01-14 02:44:55.977630,2026-01-14 02:44:55.977631
b5f8079c-6bf0-4cfb-90f1-86d17aa429a4,W004,2025-02-13,19,60.6,2.39,3,2,MEDIUM,HISTORICAL_MODEL,2026-01-14 02:44:55.977740,2026-01-14 02:44:55.977741
c13482eb-5b67-4183-9ac6-857d1a511728,W005,2025-02-13,25,92.4,3.89,0,0,MEDIUM,HISTORICAL_MODEL,2026-01-14 02:44:55.977843,2026-01-14 02:44:55.977844
e3df767d-16d9-43fa-9749-4b34e79ca521,W006,2025-02-13,22,82.0,3.7,3,4,HIGH,HISTORICAL_MODEL,2026-01-14 02:44:55.977974,2026-01-14 02:44:55.977974
4569bf7c-1401-4cba-829e-e343ecc9067b,W007,2025-02-13,22,91.9,3.44,5,5,HIGH,HISTORICAL_MODEL,2026-01-14 02:44:55.978088,2026-01-14 02:44:55.978089
7efd8330-a1cd-4300-8518-33a43929054b,W008,2025-02-13,12,61.4,2.91,4,1,HIGH,HISTORICAL_MODEL,2026-01-14 02:44:55.978190,2026-01-14 02:44:55.978191
5076c8aa-4ef0-4429-9eb2-0e60b5eb8f1b,W001,2025-02-14,14,70.0,4.34,3,4,LOW,HISTORICAL_MODEL,2026-01-14 02:44:55.978403,2026-01-14 02:44:55.978404
56df6e95-c4b7-4211-b3f2-d840b9204174,W002,2025-02-14,10,65.5,4.69,5,5,HIGH,HISTORICAL_MODEL,2026-01-14 02:44:55.978512,2026-01-14 02:44:55.978513
ca270479-84d7-44b9-9516-f3ffdffa29d5,W003,2025-02-14,28,88.1,3.35,1,1,HIGH,HISTORICAL_MODEL,2026-01-14 02:44:55.978641,2026-01-14 02:44:55.978642
9b8a8209-ab22-43a0-be15-eb6641c4ed82,W004,2025-02-14,19,59.4,2.09,2,1,MEDIUM,HISTORICAL_MODEL,2026-01-14 02:44:55.978762,2026-01-14 02:44:55.978763
ce4f3008-8f2c-4a3a-93b2-06fa90cfe4b2,W005,2025-02-14,22,79.8,4.19,2,4,HIGH,HISTORICAL_MODEL,2026-01-14 02:44:55.978868,2026-01-14 02:44:55.978869
1eb08366-4581-44a4-a9bc-f776c0f68346,W006,2025-02-14,20,72.5,4.39,2,4,MEDIUM,HISTORICAL_MODEL,2026-01-14 02:44:55.979000,2026-01-14 02:44:55.979001
684e8f83-d88e-485b-94bb-bf071e59c094,W007,2025-02-14,17,72.6,2.8,3,2,MEDIUM,HISTORICAL_MODEL,2026-01-14 02:44:55.979110,2026-01-14 02:44:55.979111
cb6902c2-9eb3-4049-9932-b632106a2a1d,W008,2025-02-14,15,78.0,3.5,3,0,HIGH,HISTORICAL_MODEL,2026-01-14 02:44:55.979217,2026-01-14 02:44:55.979218
de8c0b8e-833b-467f-9457-89e032514e94,W001,2025-02-15,16,82.1,4.8,4,1,HIGH,HISTORICAL_MODEL,2026-01-14 02:44:55.979431,2026-01-14 02:44:55.979432
78f3bc14-e5b3-4a6d-bb1a-1f316801ff11,W002,2025-02-15,11,69.6,4.4,0,1,HIGH,HISTORICAL_MODEL,2026-01-14 02:44:55.979552,2026-01-14 02:44:55.979553
501e2ba2-8adc-4dd7-86fd-cc36b50c1d97,W003,2025-02-15,28,88.1,3.02,4,4,HIGH,HISTORICAL_MODEL,2026-01-14 02:44:55.979656,2026-01-14 02:44:55.979657
a75b435d-a64d-45e5-b92c-1547db51795f,W004,2025-02-15,25,79.5,2.73,3,2,HIGH,HISTORICAL_MODEL,2026-01-14 02:44:55.979803,2026-01-14 02:44:55.979804
6a21c004-90c4-4094-8b03-872d15678c1b,W005,2025-02-15,14,50.1,4.61,2,3,HIGH,HISTORICAL_MODEL,2026-01-14 02:44:55.979931,2026-01-14 02:44:55.979932
5752e999-9b02-455c-bbdd-550a59cb6776,W006,2025-02-15,22,78.9,2.85,1,1,MEDIUM,HISTORICAL_MODEL,2026-01-14 02:44:55.980054,2026-01-14 02:44:55.980055
55bd4e71-34b6-4340-a5ae-c1379a7c28ad,W007,2025-02-15,18,78.7,4.0,5,0,MEDIUM,HISTORICAL_MODEL,2026-01-14 02:44:55.980175,2026-01-14 02:44:55.980176
8fc3a1ed-96d6-49da-b799-a21bc5c89af8,W008,2025-02-15,14,71.4,2.77,1,0,MEDIUM,HISTORICAL_MODEL,2026-01-14 02:44:55.980286,2026-01-14 02:44:55.980287
52dac3e5-aab1-4188-a13d-bf8faee4ff42,W001,2025-02-16,16,80.7,4.73,1,1,LOW,HISTORICAL_MODEL,2026-01-14 02:44:55.980509,2026-01-14 02:44:55.980510
52686762-5e27-4eec-9ff1-eb19f03605d4,W002,2025-02-16,14,92.1,5.0,5,5,HIGH,HISTORICAL_MODEL,2026-01-14 02:44:55.980622,2026-01-14 02:44:55.980623
17d1f137-76cf-4ad9-b731-f5c2aab19a41,W003,2025-02-16,17,55.3,2.89,3,5,MEDIUM,HISTORICAL_MODEL,2026-01-14 02:44:55.980737,2026-01-14 02:44:55.980738
8567187f-d156-4642-b059-0e32c120859e,W004,2025-02-16,22,69.8,3.47,5,1,LOW,HISTORICAL_MODEL,2026-01-14 02:44:55.980893,2026-01-14 02:44:55.980893
69a38da1-0c42-4276-a41f-4b2704614844,W005,2025-02-16,21,75.1,4.5,0,2,HIGH,HISTORICAL_MODEL,2026-01-14 02:44:55.981036,2026-01-14 02:44:55.981037
1a84c58f-29ac-455f-8c7f-4aa164f853e5,W006,2025-02-16,22,79.5,2.31,2,0,HIGH,HISTORICAL_MODEL,2026-01-14 02:44:55.981144,2026-01-14 02:44:55.981145
79c619fa-3d66-42a4-889c-c18f5b4a658c,W007,2025-02-16,18,77.4,2.52,1,1,LOW,HISTORICAL_MODEL,2026-01-14 02:44:55.981246,2026-01-14 02:44:55.981247
89faca77-5bbe-4d73-947d-e1daab3cdab9,W008,2025-02-16,14,71.3,3.32,0,0,MEDIUM,HISTORICAL_MODEL,2026-01-14 02:44:55.981346,2026-01-14 02:44:55.981347
