nurse_cert_id,nurse_id,cert_id,obtained_date,expiry_date,is_expired,practice_hours_ytd,practice_hours_required,hours_remaining,last_renewal_date,renewal_status,verified_by,verification_date,created_at,updated_at
d6c5cb2c-432b-4711-9516-dcd5f452623d,N0001,BLS,2025-01-25,2027-01-25,False,3,8,5,2025-01-25,CURRENT,HR_9,2025-01-27,2026-01-14 02:44:53.941211,2026-01-14 02:44:53.941211
2569119a-7e2d-40ab-9d5a-cd183abb0d2c,N0001,IV_CERT,2024-03-23,2026-03-23,False,11,16,5,2024-03-23,CURRENT,HR_4,2024-04-13,2026-01-14 02:44:53.941569,2026-01-14 02:44:53.941569
5592774e-6278-404f-92b4-edbf09efe235,N0001,CCU,2024-01-15,2026-01-14,True,0,40,40,2024-01-15,EXPIRED,HR_5,2024-01-23,2026-01-14 02:44:53.941885,2026-01-14 02:44:53.941885
654e2d82-634f-4cea-a53c-63ab8005801b,N0001,RN,2025-06-13,2030-06-12,False,13,50,37,2025-06-13,CURRENT,HR_2,2025-07-08,2026-01-14 02:44:53.942202,2026-01-14 02:44:53.942202
1c8a9eda-d17f-4d2c-96a6-08d48a64886b,N0001,ACLS,2024-03-07,2026-03-07,False,16,16,0,2024-03-07,CURRENT,HR_2,2024-03-22,2026-01-14 02:44:53.942502,2026-01-14 02:44:53.942503
19fc41ea-ee82-4f5b-b745-70a2db9edf86,N0002,BLS,2025-11-16,2027-11-16,False,0,8,8,2025-11-16,CURRENT,HR_6,2025-12-12,2026-01-14 02:44:53.943313,2026-01-14 02:44:53.943313
c8398c06-ae96-42de-b10f-9dd578a33d4b,N0002,IV_CERT,2025-10-19,2027-10-19,False,4,16,12,2025-10-19,CURRENT,HR_6,2025-10-31,2026-01-14 02:44:53.943630,2026-01-14 02:44:53.943630
562171e3-a351-49f1-9ea0-4ca2dca4017d,N0002,CCU,2024-09-30,2026-09-30,False,4,40,36,2024-09-30,CURRENT,HR_4,2024-10-17,2026-01-14 02:44:53.943934,2026-01-14 02:44:53.943934
fa1bde1f-580c-4517-8da0-569048ae08e7,N0002,RN,2023-08-25,2028-08-23,False,18,50,32,2023-08-25,CURRENT,HR_3,2023-08-31,2026-01-14 02:44:53.944230,2026-01-14 02:44:53.944230
9a673828-2875-4368-b223-1dd49952195b,N0002,ACLS,2025-06-19,2027-06-19,False,1,16,15,2025-06-19,CURRENT,HR_10,2025-07-17,2026-01-14 02:44:53.944538,2026-01-14 02:44:53.944539
8e8b436b-8e0d-4833-b0a3-4f98d3782cbf,N0003,RN,2025-08-14,2030-08-13,False,15,50,35,2025-08-14,CURRENT,HR_10,2025-08-19,2026-01-14 02:44:53.945269,2026-01-14 02:44:53.945269
bfd0ad1f-55fe-4f90-96c2-b5b5ae34c42d,N0003,BLS,2025-08-19,2027-08-19,False,3,8,5,2025-08-19,CURRENT,HR_5,2025-09-03,2026-01-14 02:44:53.945578,2026-01-14 02:44:53.945578
30342c80-e27a-47c7-96b4-51bd9dec6eb9,N0004,BLS,2024-08-26,2026-08-26,False,2,8,6,2024-08-26,CURRENT,HR_9,2024-09-01,2026-01-14 02:44:53.946305,2026-01-14 02:44:53.946305
7fb020f5-4d47-4a38-bed3-855debdb2c5d,N0004,ICU,2025-10-01,2027-10-01,False,14,40,26,2025-10-01,CURRENT,HR_6,2025-10-20,2026-01-14 02:44:53.946614,2026-01-14 02:44:53.946615
2eab59ef-f776-42d9-b4ae-15b13425cfd5,N0004,IV_CERT,2025-02-12,2027-02-12,False,6,16,10,2025-02-12,CURRENT,HR_5,2025-02-27,2026-01-14 02:44:53.946904,2026-01-14 02:44:53.946905
af984e48-9da2-41fd-9f6a-9c3b175a0e65,N0004,RN,2021-03-20,2026-03-19,False,44,50,6,2021-03-20,CURRENT,HR_4,2021-04-02,2026-01-14 02:44:53.947257,2026-01-14 02:44:53.947258
7437acd2-8c43-4bc9-8111-f1c607f55781,N0004,ACLS,2024-08-08,2026-08-08,False,1,16,15,2024-08-08,CURRENT,HR_4,2024-08-21,2026-01-14 02:44:53.947560,2026-01-14 02:44:53.947561
e7f6bf69-e552-4208-be4b-064aa35a6d62,N0005,BLS,2025-02-16,2027-02-16,False,0,8,8,2025-02-16,CURRENT,HR_7,2025-02-25,2026-01-14 02:44:53.948293,2026-01-14 02:44:53.948293
4f663955-92f6-45f6-b61a-0b4ad3c925a8,N0005,IV_CERT,2025-12-07,2027-12-07,False,0,16,16,2025-12-07,CURRENT,HR_10,2025-12-31,2026-01-14 02:44:53.948590,2026-01-14 02:44:53.948591
f5c0c22c-03c9-4c49-907d-da384a279e6b,N0005,POST_OP,2024-07-25,2026-07-25,False,4,20,16,2024-07-25,CURRENT,HR_4,2024-08-14,2026-01-14 02:44:53.948872,2026-01-14 02:44:53.948872
8c6965c6-40b1-40e6-ae99-12b88d6772fe,N0005,RN,2021-06-17,2026-06-16,False,31,50,19,2021-06-17,CURRENT,HR_4,2021-07-08,2026-01-14 02:44:53.949186,2026-01-14 02:44:53.949187
a6ab8db4-4eb6-4fbf-a11e-b37b397e63cb,N0005,ACLS,2025-06-04,2027-06-04,False,4,16,12,2025-06-04,CURRENT,HR_3,2025-06-25,2026-01-14 02:44:53.949486,2026-01-14 02:44:53.949486
42d70655-b1d5-462b-ba4b-28a8a0edbb7a,N0006,PEDS,2025-09-26,2028-09-25,False,9,30,21,2025-09-26,CURRENT,HR_8,2025-09-28,2026-01-14 02:44:53.950164,2026-01-14 02:44:53.950165
f7e7b678-16b9-48fb-9ee6-5c7e1e15df52,N0006,IV_CERT,2024-05-01,2026-05-01,False,8,16,8,2024-05-01,CURRENT,HR_3,2024-05-04,2026-01-14 02:44:53.950449,2026-01-14 02:44:53.950449
9898bdda-fd0d-4777-b541-8e931ca2bfda,N0006,RN,2024-04-20,2029-04-19,False,10,50,40,2024-04-20,CURRENT,HR_7,2024-04-26,2026-01-14 02:44:53.950723,2026-01-14 02:44:53.950723
e105e066-e64c-4b12-bffc-5e130e46802b,N0006,BLS,2025-05-24,2027-05-24,False,1,8,7,2025-05-24,CURRENT,HR_9,2025-06-22,2026-01-14 02:44:53.951046,2026-01-14 02:44:53.951046
d763a31c-17bb-4ef3-9a0e-0ed24d652c2b,N0007,BLS,2025-03-11,2027-03-11,False,1,8,7,2025-03-11,CURRENT,HR_5,2025-04-10,2026-01-14 02:44:53.951712,2026-01-14 02:44:53.951712
a3331441-f14b-4317-81bf-b1d34e66df6d,N0007,IV_CERT,2024-08-09,2026-08-09,False,4,16,12,2024-08-09,CURRENT,HR_6,2024-09-04,2026-01-14 02:44:53.951987,2026-01-14 02:44:53.951987
d2f71b20-68dd-4be1-99cd-1c0cc46c490e,N0007,POST_OP,2025-08-20,2027-08-20,False,7,20,13,2025-08-20,CURRENT,HR_2,2025-08-25,2026-01-14 02:44:53.952257,2026-01-14 02:44:53.952258
2b1e69e3-974b-439f-8b7b-4226450eb66d,N0007,RN,2021-09-23,2026-09-22,False,7,50,43,2021-09-23,CURRENT,HR_7,2021-10-21,2026-01-14 02:44:53.952532,2026-01-14 02:44:53.952532
1603d23d-e03d-4027-a8c0-9b4581683bbe,N0007,ACLS,2024-05-24,2026-05-24,False,8,16,8,2024-05-24,CURRENT,HR_2,2024-06-19,2026-01-14 02:44:53.952795,2026-01-14 02:44:53.952795
54da0a8d-e3c7-4fb0-a1d9-0baefbb8a190,N0008,RN,2025-08-02,2030-08-01,False,17,50,33,2025-08-02,CURRENT,HR_2,2025-08-17,2026-01-14 02:44:53.953479,2026-01-14 02:44:53.953479
5190fa09-b256-47ae-8e23-e7ef9baeb55c,N0008,BLS,2025-06-10,2027-06-10,False,2,8,6,2025-06-10,CURRENT,HR_10,2025-06-23,2026-01-14 02:44:53.953759,2026-01-14 02:44:53.953759
189639d3-0315-48da-a317-63acfc9a678f,N0009,CHEMO,2025-08-27,2027-08-27,False,10,24,14,2025-08-27,CURRENT,HR_4,2025-09-12,2026-01-14 02:44:53.954451,2026-01-14 02:44:53.954452
ca9dc5a8-ab96-42d8-bce5-9a1333927e47,N0009,BLS,2025-11-20,2027-11-20,False,4,8,4,2025-11-20,CURRENT,HR_9,2025-12-01,2026-01-14 02:44:53.954744,2026-01-14 02:44:53.954745
6952f506-a671-411e-bd77-c07db51aca4d,N0009,IV_CERT,2024-03-31,2026-03-31,False,12,16,4,2024-03-31,CURRENT,HR_2,2024-04-21,2026-01-14 02:44:53.955069,2026-01-14 02:44:53.955069
dec74c95-2828-4e64-80af-d4195f5fb33a,N0009,POST_OP,2024-08-27,2026-08-27,False,4,20,16,2024-08-27,CURRENT,HR_7,2024-08-31,2026-01-14 02:44:53.955363,2026-01-14 02:44:53.955363
6ba26c18-b41d-45bd-85f3-bb8bb6275be5,N0009,RN,2025-03-04,2030-03-03,False,1,50,49,2025-03-04,CURRENT,HR_1,2025-03-14,2026-01-14 02:44:53.955656,2026-01-14 02:44:53.955657
e4969257-0049-4298-940a-719f2aaff2a2,N0009,ACLS,2024-07-29,2026-07-29,False,1,16,15,2024-07-29,CURRENT,HR_2,2024-08-06,2026-01-14 02:44:53.955942,2026-01-14 02:44:53.955943
da4afb6a-390e-41f4-9f2a-ea6209e9d373,N0010,IV_CERT,2024-09-07,2026-09-07,False,5,16,11,2024-09-07,CURRENT,HR_9,2024-09-21,2026-01-14 02:44:53.956630,2026-01-14 02:44:53.956631
46c1a71e-7653-41ee-9c12-941c82859e6c,N0010,ACLS,2024-04-23,2026-04-23,False,11,16,5,2024-04-23,CURRENT,HR_3,2024-05-22,2026-01-14 02:44:53.956891,2026-01-14 02:44:53.956892
feaed047-c027-4e96-94a7-f141121c7ab3,N0010,RN,2023-08-19,2028-08-17,False,20,50,30,2023-08-19,CURRENT,HR_2,2023-09-15,2026-01-14 02:44:53.957177,2026-01-14 02:44:53.957177
e0d875b9-65f6-46b7-87ca-a987056a3d28,N0010,BLS,2024-08-01,2026-08-01,False,4,8,4,2024-08-01,CURRENT,HR_7,2024-08-10,2026-01-14 02:44:53.957446,2026-01-14 02:44:53.957447
c59eb37a-00c7-4a45-9360-f163880c7639,N0011,BLS,2024-09-17,2026-09-17,False,3,8,5,2024-09-17,CURRENT,HR_4,2024-10-15,2026-01-14 02:44:53.958122,2026-01-14 02:44:53.958122
674358e3-6e5a-4598-89e2-01b25ca00dc2,N0011,ICU,2024-12-09,2026-12-09,False,3,40,37,2024-12-09,CURRENT,HR_6,2024-12-27,2026-01-14 02:44:53.958404,2026-01-14 02:44:53.958405
f6270b09-c9cd-4e45-b8bf-83f300f94858,N0011,IV_CERT,2024-02-24,2026-02-23,False,13,16,3,2024-02-24,CURRENT,HR_1,2024-03-08,2026-01-14 02:44:53.958692,2026-01-14 02:44:53.958692
8999e29c-6452-4b4d-8ba0-1b292ab93a4c,N0011,RN,2024-05-29,2029-05-28,False,6,50,44,2024-05-29,CURRENT,HR_2,2024-06-26,2026-01-14 02:44:53.958973,2026-01-14 02:44:53.958974
207109aa-7c36-487c-8a57-3ccddf2f9f30,N0011,ACLS,2024-09-06,2026-09-06,False,1,16,15,2024-09-06,CURRENT,HR_4,2024-09-27,2026-01-14 02:44:53.959242,2026-01-14 02:44:53.959243
34f74e75-28c1-43df-9ec8-47eab946147c,N0012,CHEMO,2025-10-25,2027-10-25,False,12,24,12,2025-10-25,CURRENT,HR_6,2025-11-02,2026-01-14 02:44:53.959931,2026-01-14 02:44:53.959931
490b0e6e-d182-4a47-8828-2843d6816ed4,N0012,BLS,2025-08-09,2027-08-09,False,4,8,4,2025-08-09,CURRENT,HR_4,2025-08-12,2026-01-14 02:44:53.960208,2026-01-14 02:44:53.960208
be6ef9ac-6382-449f-89d7-7da6ca550734,N0012,IV_CERT,2024-05-27,2026-05-27,False,7,16,9,2024-05-27,CURRENT,HR_10,2024-06-03,2026-01-14 02:44:53.960482,2026-01-14 02:44:53.960482
a21f6f35-f8f3-43e2-9f7d-6b8d465b2837,N0012,POST_OP,2025-04-21,2027-04-21,False,5,20,15,2025-04-21,CURRENT,HR_3,2025-05-17,2026-01-14 02:44:53.960752,2026-01-14 02:44:53.960753
a15c6dfc-dfa9-4165-959f-55a63ec5c3ec,N0012,RN,2022-08-13,2027-08-12,False,0,50,50,2022-08-13,CURRENT,HR_5,2022-09-10,2026-01-14 02:44:53.961051,2026-01-14 02:44:53.961051
0904a485-dbab-4db7-bdba-a8db4f0a0689,N0012,ACLS,2025-07-20,2027-07-20,False,2,16,14,2025-07-20,CURRENT,HR_9,2025-07-29,2026-01-14 02:44:53.961315,2026-01-14 02:44:53.961315
b4921ddc-c688-4c0d-af1e-ce8b2aadf38d,N0013,BLS,2025-11-19,2027-11-19,False,1,8,7,2025-11-19,CURRENT,HR_1,2025-12-01,2026-01-14 02:44:53.961964,2026-01-14 02:44:53.961964
ac113d59-f86b-4538-b8e6-a0e59b67c787,N0013,IV_CERT,2025-04-16,2027-04-16,False,5,16,11,2025-04-16,CURRENT,HR_1,2025-04-22,2026-01-14 02:44:53.962260,2026-01-14 02:44:53.962260
ce838b4b-8864-445b-9966-193fc9ae829f,N0013,POST_OP,2025-03-19,2027-03-19,False,0,20,20,2025-03-19,CURRENT,HR_3,2025-04-12,2026-01-14 02:44:53.962545,2026-01-14 02:44:53.962545
5978c200-59f7-4649-9dcb-99ef23b4caf8,N0013,RN,2023-08-06,2028-08-04,False,16,50,34,2023-08-06,CURRENT,HR_2,2023-08-30,2026-01-14 02:44:53.962833,2026-01-14 02:44:53.962833
dc862d46-c645-480d-99d0-2a16fcbfc2fe,N0013,ACLS,2025-10-11,2027-10-11,False,7,16,9,2025-10-11,CURRENT,HR_8,2025-11-05,2026-01-14 02:44:53.963109,2026-01-14 02:44:53.963109
78034538-7fc7-417c-be71-da75a96fcb47,N0014,PEDS,2024-04-17,2027-04-17,False,3,30,27,2024-04-17,CURRENT,HR_8,2024-05-04,2026-01-14 02:44:53.963749,2026-01-14 02:44:53.963749
0e218353-c2a3-405c-a44f-6d07755cbc25,N0014,RN,2025-05-03,2030-05-02,False,19,50,31,2025-05-03,CURRENT,HR_1,2025-05-27,2026-01-14 02:44:53.964046,2026-01-14 02:44:53.964047
75304472-fee3-422c-9b48-0f22e3884543,N0014,BLS,2024-02-10,2026-02-09,False,7,8,1,2024-02-10,CURRENT,HR_8,2024-03-02,2026-01-14 02:44:53.964325,2026-01-14 02:44:53.964326
0a76da7e-e751-48f2-a4d6-27397a2fa6eb,N0015,CHEMO,2025-10-14,2027-10-14,False,7,24,17,2025-10-14,CURRENT,HR_7,2025-10-28,2026-01-14 02:44:53.964999,2026-01-14 02:44:53.964999
505e5211-d697-42ce-b6e5-aba409b92068,N0015,BLS,2025-08-27,2027-08-27,False,3,8,5,2025-08-27,CURRENT,HR_8,2025-08-30,2026-01-14 02:44:53.965275,2026-01-14 02:44:53.965275
4b6fa6a4-5136-41f5-88ca-e320f5d6b985,N0015,IV_CERT,2025-09-24,2027-09-24,False,5,16,11,2025-09-24,CURRENT,HR_10,2025-09-29,2026-01-14 02:44:53.965569,2026-01-14 02:44:53.965569
34024169-ca10-4d1a-8124-19796af1589d,N0015,CCU,2025-10-09,2027-10-09,False,4,40,36,2025-10-09,CURRENT,HR_5,2025-10-29,2026-01-14 02:44:53.965865,2026-01-14 02:44:53.965865
475db80b-ff88-48c6-84fe-4af9d240857e,N0015,RN,2022-05-29,2027-05-28,False,18,50,32,2022-05-29,CURRENT,HR_9,2022-06-21,2026-01-14 02:44:53.966162,2026-01-14 02:44:53.966163
425ce52f-6328-41fb-a48c-6ab9892771f3,N0015,ACLS,2025-01-17,2027-01-17,False,6,16,10,2025-01-17,CURRENT,HR_10,2025-02-03,2026-01-14 02:44:53.966443,2026-01-14 02:44:53.966444
8801cbd7-d8f3-464e-b184-4114b39f9adf,N0016,CCU,2025-04-01,2027-04-01,False,19,40,21,2025-04-01,CURRENT,HR_7,2025-04-05,2026-01-14 02:44:53.967175,2026-01-14 02:44:53.967176
8b723a4c-5ee5-4ec3-ad48-2f6093bca600,N0016,RN,2025-10-18,2030-10-17,False,20,50,30,2025-10-18,CURRENT,HR_9,2025-11-11,2026-01-14 02:44:53.967488,2026-01-14 02:44:53.967488
4d58cb2f-74bd-419a-84eb-f85dd80a3d03,N0016,ACLS,2025-08-27,2027-08-27,False,6,16,10,2025-08-27,CURRENT,HR_8,2025-09-25,2026-01-14 02:44:53.967814,2026-01-14 02:44:53.967814
0e5e14eb-99c3-4c72-8f14-2c126d47925e,N0016,BLS,2025-08-21,2027-08-21,False,3,8,5,2025-08-21,CURRENT,HR_6,2025-09-17,2026-01-14 02:44:53.968123,2026-01-14 02:44:53.968123
22c21e34-0e2b-41c1-b8c5-7cb96231bd39,N0017,IV_CERT,2025-09-09,2027-09-09,False,5,16,11,2025-09-09,CURRENT,HR_7,2025-09-20,2026-01-14 02:44:53.968898,2026-01-14 02:44:53.968898
fc490b96-4f84-4bdb-adc2-769ebd31f297,N0017,RN,2022-03-24,2027-03-23,False,8,50,42,2022-03-24,CURRENT,HR_6,2022-03-29,2026-01-14 02:44:53.969206,2026-01-14 02:44:53.969207
55da1049-c2a2-4b73-9496-30cc42bd1109,N0017,BLS,2024-08-17,2026-08-17,False,0,8,8,2024-08-17,CURRENT,HR_2,2024-09-13,2026-01-14 02:44:53.969496,2026-01-14 02:44:53.969496
bef09357-db26-43ee-9eed-e0223ae2f2ea,N0018,BLS,2024-11-29,2026-11-29,False,1,8,7,2024-11-29,CURRENT,HR_9,2024-12-01,2026-01-14 02:44:53.970350,2026-01-14 02:44:53.970351
4a5cc7df-f936-4a3f-864b-9a974d8afd2f,N0018,IV_CERT,2024-04-24,2026-04-24,False,10,16,6,2024-04-24,CURRENT,HR_9,2024-05-05,2026-01-14 02:44:53.970646,2026-01-14 02:44:53.970647
1778a218-4b7c-44b2-9de1-a248c2e2ceda,N0018,CCU,2024-01-29,2026-01-28,False,29,40,11,2024-01-29,CURRENT,HR_7,2024-02-10,2026-01-14 02:44:53.970981,2026-01-14 02:44:53.970981
85d7661b-aa7b-45a8-854b-f0bb8f5c2caf,N0018,RN,2021-01-21,2026-01-20,False,48,50,2,2021-01-21,CURRENT,HR_1,2021-01-31,2026-01-14 02:44:53.971283,2026-01-14 02:44:53.971283
c445d9ca-6e18-444f-b29a-22067d198442,N0018,ACLS,2024-04-10,2026-04-10,False,13,16,3,2024-04-10,CURRENT,HR_6,2024-04-14,2026-01-14 02:44:53.971590,2026-01-14 02:44:53.971591
7f5cd2a4-1ab6-46d3-9d95-44d54eed11d8,N0019,BLS,2024-02-12,2026-02-11,False,8,8,0,2024-02-12,CURRENT,HR_4,2024-03-11,2026-01-14 02:44:53.972392,2026-01-14 02:44:53.972392
126b7fdd-09b6-4160-9e21-98441e9b093a,N0019,ICU,2025-08-27,2027-08-27,False,11,40,29,2025-08-27,CURRENT,HR_9,2025-09-08,2026-01-14 02:44:53.972742,2026-01-14 02:44:53.972743
6e9ff778-808a-4fd8-b589-65174e525576,N0019,IV_CERT,2025-08-20,2027-08-20,False,4,16,12,2025-08-20,CURRENT,HR_10,2025-08-28,2026-01-14 02:44:53.973123,2026-01-14 02:44:53.973123
760f3ad4-39b1-4a51-904c-6bb06be16375,N0019,RN,2021-06-06,2026-06-05,False,33,50,17,2021-06-06,CURRENT,HR_9,2021-07-01,2026-01-14 02:44:53.973414,2026-01-14 02:44:53.973415
adf4f35f-ddc7-4bd3-8797-5f0f1b57025e,N0019,ACLS,2024-03-19,2026-03-19,False,15,16,1,2024-03-19,CURRENT,HR_9,2024-03-20,2026-01-14 02:44:53.973693,2026-01-14 02:44:53.973694
56256e8c-5ab2-4b48-a0f7-5bc8e3abf7ba,N0020,BLS,2025-03-17,2027-03-17,False,0,8,8,2025-03-17,CURRENT,HR_3,2025-03-26,2026-01-14 02:44:53.974518,2026-01-14 02:44:53.974519
e9284977-7058-44f0-a38c-b24221ba7508,N0020,IV_CERT,2025-02-02,2027-02-02,False,5,16,11,2025-02-02,CURRENT,HR_6,2025-02-03,2026-01-14 02:44:53.974814,2026-01-14 02:44:53.974815
a92cf754-a282-4898-800a-3c6ba293b863,N0020,POST_OP,2025-06-13,2027-06-13,False,2,20,18,2025-06-13,CURRENT,HR_10,2025-07-05,2026-01-14 02:44:53.975136,2026-01-14 02:44:53.975136
e9704c8c-b654-4616-a82f-5147de23e341,N0020,RN,2023-09-17,2028-09-15,False,2,50,48,2023-09-17,CURRENT,HR_3,2023-10-11,2026-01-14 02:44:53.975461,2026-01-14 02:44:53.975461
2b0207e0-66f2-43c2-8ffc-0de0c7ff1f0e,N0020,ACLS,2024-03-07,2026-03-07,False,11,16,5,2024-03-07,CURRENT,HR_2,2024-03-31,2026-01-14 02:44:53.975743,2026-01-14 02:44:53.975743
7367d49d-8c71-48b5-a1d1-0b3014eb03e5,N0021,BLS,2024-09-07,2026-09-07,False,2,8,6,2024-09-07,CURRENT,HR_3,2024-09-19,2026-01-14 02:44:53.976536,2026-01-14 02:44:53.976536
4e730dd2-e4c4-4c81-bf99-336b8cf6a796,N0021,IV_CERT,2025-01-30,2027-01-30,False,5,16,11,2025-01-30,CURRENT,HR_10,2025-02-19,2026-01-14 02:44:53.976836,2026-01-14 02:44:53.976836
449fbe6a-172f-49ff-ae9b-25ab28670fa0,N0021,CCU,2025-09-20,2027-09-20,False,1,40,39,2025-09-20,CURRENT,HR_3,2025-09-26,2026-01-14 02:44:53.977157,2026-01-14 02:44:53.977158
10400f62-73f4-4f0b-9480-23f72b0ecae3,N0021,RN,2021-09-22,2026-09-21,False,19,50,31,2021-09-22,CURRENT,HR_1,2021-10-14,2026-01-14 02:44:53.977457,2026-01-14 02:44:53.977457
a96e9510-c211-44af-9626-acc2b2283564,N0021,ACLS,2025-09-23,2027-09-23,False,4,16,12,2025-09-23,CURRENT,HR_8,2025-10-15,2026-01-14 02:44:53.977777,2026-01-14 02:44:53.977777
3dd0977a-d170-49a6-bfab-f8bed9cd0018,N0022,IV_CERT,2024-10-17,2026-10-17,False,4,16,12,2024-10-17,CURRENT,HR_4,2024-11-11,2026-01-14 02:44:53.978554,2026-01-14 02:44:53.978554
ada1a442-002e-445f-a1be-06544c60106d,N0022,RN,2023-01-31,2028-01-30,False,3,50,47,2023-01-31,CURRENT,HR_6,2023-02-14,2026-01-14 02:44:53.978885,2026-01-14 02:44:53.978885
503166e8-cfdf-4848-9490-1d07ecb5bf7b,N0022,BLS,2025-08-24,2027-08-24,False,2,8,6,2025-08-24,CURRENT,HR_10,2025-09-09,2026-01-14 02:44:53.979205,2026-01-14 02:44:53.979205
6cd0e822-108f-4646-82ab-64cb2bf19f8d,N0022,OB_NURS,2024-03-24,2027-03-24,False,1,30,29,2024-03-24,CURRENT,HR_4,2024-04-06,2026-01-14 02:44:53.979512,2026-01-14 02:44:53.979513
e499865b-4879-4393-b313-66c4d76b31e6,N0023,BLS,2025-05-20,2027-05-20,False,2,8,6,2025-05-20,CURRENT,HR_4,2025-06-14,2026-01-14 02:44:53.980324,2026-01-14 02:44:53.980325
b81f538f-36b3-41c5-85e0-537612eb58e3,N0023,IV_CERT,2025-07-28,2027-07-28,False,4,16,12,2025-07-28,CURRENT,HR_5,2025-08-08,2026-01-14 02:44:53.980603,2026-01-14 02:44:53.980603
7daa6826-2d02-4e11-bcaa-6c65235683e1,N0023,POST_OP,2025-08-15,2027-08-15,False,0,20,20,2025-08-15,CURRENT,HR_8,2025-09-08,2026-01-14 02:44:53.980927,2026-01-14 02:44:53.980927
467738da-3c2e-411e-9a49-82bdcb0bf9db,N0023,RN,2023-07-18,2028-07-16,False,5,50,45,2023-07-18,CURRENT,HR_3,2023-07-31,2026-01-14 02:44:53.981215,2026-01-14 02:44:53.981215
ff96f8eb-ad15-439e-b12a-29ab1b4085d5,N0023,ACLS,2024-06-18,2026-06-18,False,11,16,5,2024-06-18,CURRENT,HR_4,2024-07-05,2026-01-14 02:44:53.981521,2026-01-14 02:44:53.981521
0afb6da9-cdfd-40f2-bf52-74c33d26c4a7,N0024,IV_CERT,2024-12-18,2026-12-18,False,1,16,15,2024-12-18,CURRENT,HR_7,2025-01-15,2026-01-14 02:44:53.982258,2026-01-14 02:44:53.982259
943a8e5f-d9be-4df8-a30a-ff551789b6b3,N0024,ACLS,2025-11-02,2027-11-02,False,6,16,10,2025-11-02,CURRENT,HR_1,2025-11-17,2026-01-14 02:44:53.982546,2026-01-14 02:44:53.982547
2ba85fe4-90f1-4db3-8a41-c76107985388,N0024,RN,2025-07-09,2030-07-08,False,10,50,40,2025-07-09,CURRENT,HR_10,2025-07-23,2026-01-14 02:44:53.982816,2026-01-14 02:44:53.982816
42f6f404-f5db-49af-afe1-8b61c46425fc,N0024,BLS,2024-05-07,2026-05-07,False,6,8,2,2024-05-07,CURRENT,HR_7,2024-05-17,2026-01-14 02:44:53.983148,2026-01-14 02:44:53.983148
a5c3310f-7101-4090-8875-fe9f17d33080,N0025,IV_CERT,2025-11-24,2027-11-24,False,5,16,11,2025-11-24,CURRENT,HR_3,2025-12-20,2026-01-14 02:44:53.983865,2026-01-14 02:44:53.983866
259de452-ecf9-4fbf-921e-9143e760847f,N0025,POST_OP,2024-03-23,2026-03-23,False,17,20,3,2024-03-23,CURRENT,HR_6,2024-03-26,2026-01-14 02:44:53.984190,2026-01-14 02:44:53.984190
ed1f7a1c-62ef-49bd-8b30-cf7ff01aa464,N0025,RN,2023-07-05,2028-07-03,False,3,50,47,2023-07-05,CURRENT,HR_4,2023-07-19,2026-01-14 02:44:53.984473,2026-01-14 02:44:53.984473
803e8ea4-a3b7-4630-9d21-2c179b1c18ce,N0025,BLS,2024-04-21,2026-04-21,False,6,8,2,2024-04-21,CURRENT,HR_9,2024-04-24,2026-01-14 02:44:53.984738,2026-01-14 02:44:53.984738
0c3efb1f-4997-4a1d-870f-f3b6d3a72522,N0026,PEDS,2025-07-10,2028-07-09,False,10,30,20,2025-07-10,CURRENT,HR_4,2025-07-21,2026-01-14 02:44:53.985525,2026-01-14 02:44:53.985525
0be21077-2de7-4846-8526-e53c2cd7a02b,N0026,RN,2025-09-20,2030-09-19,False,2,50,48,2025-09-20,CURRENT,HR_9,2025-10-11,2026-01-14 02:44:53.985813,2026-01-14 02:44:53.985814
2c18bfd5-d945-4a62-9c4e-b0eba184e937,N0026,BLS,2025-10-18,2027-10-18,False,4,8,4,2025-10-18,CURRENT,HR_9,2025-10-25,2026-01-14 02:44:53.986127,2026-01-14 02:44:53.986128
7e20efc7-f3af-4204-b6ec-04fdad175f73,N0027,BLS,2024-02-24,2026-02-23,False,6,8,2,2024-02-24,CURRENT,HR_4,2024-02-28,2026-01-14 02:44:53.986898,2026-01-14 02:44:53.986899
e3457a0f-5f4e-4c0b-9293-245f6041bf4a,N0027,IV_CERT,2025-07-19,2027-07-19,False,4,16,12,2025-07-19,CURRENT,HR_4,2025-07-25,2026-01-14 02:44:53.987261,2026-01-14 02:44:53.987262
8acde1ca-56f7-4b97-a481-f7056e34a8d2,N0027,OB_NURS,2025-02-05,2028-02-05,False,2,30,28,2025-02-05,CURRENT,HR_3,2025-03-02,2026-01-14 02:44:53.987586,2026-01-14 02:44:53.987586
37dd0776-be5f-4bf1-9178-9786cbbf96cd,N0027,RN,2022-06-08,2027-06-07,False,15,50,35,2022-06-08,CURRENT,HR_8,2022-07-03,2026-01-14 02:44:53.987869,2026-01-14 02:44:53.987869
6ddf652b-961b-4c6b-8320-6b8f804b3993,N0027,ACLS,2024-05-17,2026-05-17,False,12,16,4,2024-05-17,CURRENT,HR_10,2024-06-01,2026-01-14 02:44:53.988201,2026-01-14 02:44:53.988201
3f280722-3e25-4c47-b601-cef177a85a8f,N0028,CHEMO,2024-02-26,2026-02-25,False,21,24,3,2024-02-26,CURRENT,HR_6,2024-03-02,2026-01-14 02:44:53.989005,2026-01-14 02:44:53.989006
1e3b1874-1572-4486-9a64-d03764ec8422,N0028,BLS,2024-09-21,2026-09-21,False,0,8,8,2024-09-21,CURRENT,HR_8,2024-10-06,2026-01-14 02:44:53.989296,2026-01-14 02:44:53.989296
4ca5984f-f685-4a5f-b453-94fc981702a2,N0028,IV_CERT,2024-03-09,2026-03-09,False,13,16,3,2024-03-09,CURRENT,HR_5,2024-03-28,2026-01-14 02:44:53.989604,2026-01-14 02:44:53.989604
da045a2b-623a-4763-b92d-5b1c42d185ba,N0028,POST_OP,2025-10-19,2027-10-19,False,5,20,15,2025-10-19,CURRENT,HR_9,2025-10-22,2026-01-14 02:44:53.989883,2026-01-14 02:44:53.989883
0f94eae8-9988-41d6-b912-e8c31856f0b7,N0028,RN,2024-03-20,2029-03-19,False,14,50,36,2024-03-20,CURRENT,HR_8,2024-03-22,2026-01-14 02:44:53.990168,2026-01-14 02:44:53.990168
3445bdf5-6f83-4509-9ed2-3b0e871a7ec6,N0028,ACLS,2025-10-18,2027-10-18,False,5,16,11,2025-10-18,CURRENT,HR_5,2025-10-21,2026-01-14 02:44:53.990477,2026-01-14 02:44:53.990477
b19132bb-1c27-46b1-b8a1-f585fac28902,N0029,CHEMO,2025-09-14,2027-09-14,False,9,24,15,2025-09-14,CURRENT,HR_10,2025-10-01,2026-01-14 02:44:53.991279,2026-01-14 02:44:53.991279
ffc4df72-e711-4efe-ad8f-c3eabaf8feb7,N0029,BLS,2024-11-17,2026-11-17,False,3,8,5,2024-11-17,CURRENT,HR_10,2024-12-05,2026-01-14 02:44:53.991554,2026-01-14 02:44:53.991554
6a5d9b21-fdf5-4724-b8d0-7602a1e5ad90,N0029,IV_CERT,2025-11-03,2027-11-03,False,7,16,9,2025-11-03,CURRENT,HR_10,2025-11-24,2026-01-14 02:44:53.991854,2026-01-14 02:44:53.991854
2ecdb96f-2b94-4c3d-9c8a-20b2c5422c8e,N0029,RN,2024-11-25,2029-11-24,False,10,50,40,2024-11-25,CURRENT,HR_10,2024-12-11,2026-01-14 02:44:53.992202,2026-01-14 02:44:53.992202
1e3d98ac-4637-4c74-8511-49ab538c754c,N0029,ACLS,2024-07-20,2026-07-20,False,2,16,14,2024-07-20,CURRENT,HR_1,2024-08-04,2026-01-14 02:44:53.992507,2026-01-14 02:44:53.992507
6c5a591d-28ba-47e5-8410-3ec660f9fd43,N0030,CHEMO,2024-12-29,2026-12-29,False,11,24,13,2024-12-29,CURRENT,HR_2,2025-01-15,2026-01-14 02:44:53.993309,2026-01-14 02:44:53.993309
667f64b4-4fa1-46d3-8088-b505d42f96b8,N0030,BLS,2024-02-23,2026-02-22,False,6,8,2,2024-02-23,CURRENT,HR_1,2024-03-02,2026-01-14 02:44:53.993615,2026-01-14 02:44:53.993615
0eef373c-322c-4128-9bbe-b804ef96e7fd,N0030,IV_CERT,2024-09-23,2026-09-23,False,7,16,9,2024-09-23,CURRENT,HR_9,2024-10-10,2026-01-14 02:44:53.993911,2026-01-14 02:44:53.993911
b6bb95bf-e6ed-489d-bdf7-7a0e28ccf35f,N0030,CCU,2024-03-31,2026-03-31,False,30,40,10,2024-03-31,CURRENT,HR_6,2024-04-12,2026-01-14 02:44:53.994235,2026-01-14 02:44:53.994236
08d17007-2593-4fe7-a845-ffd0106ce33f,N0030,RN,2024-05-15,2029-05-14,False,12,50,38,2024-05-15,CURRENT,HR_7,2024-06-09,2026-01-14 02:44:53.994530,2026-01-14 02:44:53.994530
2a9aa3d7-49c8-4698-82b4-403153473862,N0030,ACLS,2025-01-03,2027-01-03,False,0,16,16,2025-01-03,CURRENT,HR_6,2025-01-06,2026-01-14 02:44:53.994810,2026-01-14 02:44:53.994810
2da68627-ca99-46c5-aebc-02f4e650487c,N0031,BLS,2024-11-15,2026-11-15,False,2,8,6,2024-11-15,CURRENT,HR_5,2024-12-09,2026-01-14 02:44:53.995633,2026-01-14 02:44:53.995633
fb30825b-ca97-43c7-b72f-bb8795a390e8,N0031,ICU,2024-02-12,2026-02-11,False,37,40,3,2024-02-12,CURRENT,HR_3,2024-02-23,2026-01-14 02:44:53.995966,2026-01-14 02:44:53.995967
10aff2a1-40ea-4b74-a7b4-8cc396de7b22,N0031,IV_CERT,2025-09-23,2027-09-23,False,2,16,14,2025-09-23,CURRENT,HR_6,2025-10-03,2026-01-14 02:44:53.996310,2026-01-14 02:44:53.996310
12d8b74b-0c78-4e4d-9f60-ef9577bc49cb,N0031,RN,2022-04-12,2027-04-11,False,22,50,28,2022-04-12,CURRENT,HR_7,2022-04-17,2026-01-14 02:44:53.996594,2026-01-14 02:44:53.996594
96f3fbee-3983-4f2c-a6c0-61ea93064752,N0031,ACLS,2024-04-15,2026-04-15,False,11,16,5,2024-04-15,CURRENT,HR_2,2024-04-25,2026-01-14 02:44:53.996866,2026-01-14 02:44:53.996866
f964bb6b-554a-4b33-969d-780d14ec8961,N0032,BLS,2025-01-13,2027-01-13,False,1,8,7,2025-01-13,CURRENT,HR_9,2025-01-16,2026-01-14 02:44:53.997739,2026-01-14 02:44:53.997740
e3e83332-5efb-4866-8ec2-de627e7502e9,N0032,PEDS,2023-08-01,2026-07-31,False,11,30,19,2023-08-01,CURRENT,HR_1,2023-08-13,2026-01-14 02:44:53.998215,2026-01-14 02:44:53.998215
ee65c593-b5df-40c6-8b01-95e1cb1e03f4,N0032,IV_CERT,2025-02-02,2027-02-02,False,2,16,14,2025-02-02,CURRENT,HR_4,2025-02-13,2026-01-14 02:44:53.998560,2026-01-14 02:44:53.998561
49e89bc9-5bfe-49f3-a3ec-9b2311e32420,N0032,RN,2021-08-29,2026-08-28,False,15,50,35,2021-08-29,CURRENT,HR_4,2021-09-06,2026-01-14 02:44:53.998938,2026-01-14 02:44:53.998938
87d6dadc-0d2a-4307-9741-8768a76d6d8c,N0032,ACLS,2025-07-28,2027-07-28,False,2,16,14,2025-07-28,CURRENT,HR_2,2025-08-07,2026-01-14 02:44:53.999275,2026-01-14 02:44:53.999276
55104d1a-1a10-41f7-906c-fedb8ca73611,N0033,CHEMO,2025-09-03,2027-09-03,False,8,24,16,2025-09-03,CURRENT,HR_9,2025-09-30,2026-01-14 02:44:54.000042,2026-01-14 02:44:54.000042
9270593a-2ca2-4e5b-b2fb-9a46a0f8d905,N0033,BLS,2024-06-24,2026-06-24,False,3,8,5,2024-06-24,CURRENT,HR_6,2024-07-23,2026-01-14 02:44:54.000315,2026-01-14 02:44:54.000315
efe34300-e00a-4097-a598-4f3cad59c2bf,N0033,ICU,2024-03-23,2026-03-23,False,30,40,10,2024-03-23,CURRENT,HR_10,2024-04-05,2026-01-14 02:44:54.000606,2026-01-14 02:44:54.000606
7a16890d-7fda-4047-b2cd-c719cb449810,N0033,IV_CERT,2025-07-11,2027-07-11,False,2,16,14,2025-07-11,CURRENT,HR_3,2025-08-07,2026-01-14 02:44:54.000901,2026-01-14 02:44:54.000901
6c4f3ec3-731d-4358-82b9-3e6ab0b8667f,N0033,RN,2025-01-10,2030-01-09,False,23,50,27,2025-01-10,CURRENT,HR_8,2025-01-12,2026-01-14 02:44:54.001209,2026-01-14 02:44:54.001209
8056d766-68e7-44de-9877-ecd787048b2d,N0033,ACLS,2024-10-21,2026-10-21,False,5,16,11,2024-10-21,CURRENT,HR_4,2024-11-05,2026-01-14 02:44:54.001471,2026-01-14 02:44:54.001471
5727b4f7-8a5a-46f1-864b-5d018dee2c74,N0034,IV_CERT,2024-09-12,2026-09-12,False,3,16,13,2024-09-12,CURRENT,HR_9,2024-09-20,2026-01-14 02:44:54.002166,2026-01-14 02:44:54.002167
58b51906-0c15-4ec7-94b4-d02ae0531f85,N0034,ACLS,2025-02-02,2027-02-02,False,7,16,9,2025-02-02,CURRENT,HR_4,2025-02-14,2026-01-14 02:44:54.002465,2026-01-14 02:44:54.002465
df9838c2-ff63-4be2-b8c7-e54d26d7f3cb,N0034,RN,2022-02-25,2027-02-24,False,18,50,32,2022-02-25,CURRENT,HR_8,2022-03-12,2026-01-14 02:44:54.002767,2026-01-14 02:44:54.002767
a22872bc-bcb7-49f5-9355-467ee0a23a74,N0034,BLS,2025-03-02,2027-03-02,False,3,8,5,2025-03-02,CURRENT,HR_9,2025-03-19,2026-01-14 02:44:54.003061,2026-01-14 02:44:54.003061
01a75272-3be7-406a-acd9-7287352529e0,N0035,BLS,2025-05-25,2027-05-25,False,4,8,4,2025-05-25,CURRENT,HR_3,2025-06-22,2026-01-14 02:44:54.003778,2026-01-14 02:44:54.003778
412d6700-2639-4bd0-89e4-6a309f3d97f3,N0035,ICU,2025-04-03,2027-04-03,False,1,40,39,2025-04-03,CURRENT,HR_8,2025-05-01,2026-01-14 02:44:54.004091,2026-01-14 02:44:54.004091
62f5eaa4-19c3-4353-8b11-431041a9b5b2,N0035,IV_CERT,2024-11-30,2026-11-30,False,8,16,8,2024-11-30,CURRENT,HR_2,2024-12-23,2026-01-14 02:44:54.004358,2026-01-14 02:44:54.004358
2afc19aa-7b09-4f7b-bacb-f97d5aa47e20,N0035,RN,2021-03-19,2026-03-18,False,38,50,12,2021-03-19,CURRENT,HR_5,2021-03-22,2026-01-14 02:44:54.004613,2026-01-14 02:44:54.004614
83d8e4e8-d6ab-45b8-87a5-3c8bb145675b,N0035,ACLS,2025-07-04,2027-07-04,False,4,16,12,2025-07-04,CURRENT,HR_8,2025-08-02,2026-01-14 02:44:54.004879,2026-01-14 02:44:54.004880
86af86ec-e156-4e02-ad38-d351c55ce65b,N0036,CHEMO,2025-09-13,2027-09-13,False,3,24,21,2025-09-13,CURRENT,HR_8,2025-10-12,2026-01-14 02:44:54.005559,2026-01-14 02:44:54.005560
6c71682c-6415-427a-af81-a8f9e0f1a524,N0036,BLS,2024-12-23,2026-12-23,False,0,8,8,2024-12-23,CURRENT,HR_7,2024-12-25,2026-01-14 02:44:54.005848,2026-01-14 02:44:54.005849
b6ff482e-e3c9-4a72-9dc7-6555902f2755,N0036,IV_CERT,2024-11-05,2026-11-05,False,8,16,8,2024-11-05,CURRENT,HR_6,2024-11-13,2026-01-14 02:44:54.006149,2026-01-14 02:44:54.006149
50457af4-cd9b-456c-b8e4-ed652d1dd875,N0036,POST_OP,2024-11-15,2026-11-15,False,1,20,19,2024-11-15,CURRENT,HR_6,2024-11-23,2026-01-14 02:44:54.006452,2026-01-14 02:44:54.006452
6e1a1ef1-9daf-4798-a26a-c0ad8e77d4bc,N0036,RN,2025-10-19,2030-10-18,False,10,50,40,2025-10-19,CURRENT,HR_2,2025-11-15,2026-01-14 02:44:54.006748,2026-01-14 02:44:54.006748
2c376db9-7a79-4056-a153-90e1d36bb760,N0036,ACLS,2024-02-19,2026-02-18,False,13,16,3,2024-02-19,CURRENT,HR_3,2024-02-24,2026-01-14 02:44:54.007041,2026-01-14 02:44:54.007041
2361210c-2ac9-47db-901e-c649647421f1,N0037,CHEMO,2024-08-19,2026-08-19,False,11,24,13,2024-08-19,CURRENT,HR_3,2024-09-13,2026-01-14 02:44:54.007728,2026-01-14 02:44:54.007728
28299b2f-ea1e-456a-9d5b-c4ea8fb0cfe2,N0037,BLS,2024-08-22,2026-08-22,False,3,8,5,2024-08-22,CURRENT,HR_10,2024-08-23,2026-01-14 02:44:54.008032,2026-01-14 02:44:54.008032
56799ef7-baba-4ffb-9939-55d4737bbe7a,N0037,IV_CERT,2025-09-25,2027-09-25,False,0,16,16,2025-09-25,CURRENT,HR_5,2025-10-02,2026-01-14 02:44:54.008316,2026-01-14 02:44:54.008316
2a4d28a1-46f3-461a-ac51-a8aa59465c28,N0037,CCU,2025-07-15,2027-07-15,False,17,40,23,2025-07-15,CURRENT,HR_10,2025-08-01,2026-01-14 02:44:54.008595,2026-01-14 02:44:54.008595
6304af31-736b-451a-8c72-48f7d346f956,N0037,RN,2023-08-02,2028-07-31,False,3,50,47,2023-08-02,CURRENT,HR_5,2023-08-10,2026-01-14 02:44:54.008860,2026-01-14 02:44:54.008860
001bb0a8-1dbe-434c-8154-454356e1ff8e,N0037,ACLS,2025-02-10,2027-02-10,False,1,16,15,2025-02-10,CURRENT,HR_1,2025-02-18,2026-01-14 02:44:54.009143,2026-01-14 02:44:54.009143
795f8252-38e3-4bc4-8fd5-dbff50a2aefb,N0038,IV_CERT,2024-03-18,2026-03-18,False,14,16,2,2024-03-18,CURRENT,HR_2,2024-03-22,2026-01-14 02:44:54.009838,2026-01-14 02:44:54.009838
d9ca05ea-0ef3-40a0-a1f8-2aba08667657,N0038,POST_OP,2024-07-22,2026-07-22,False,9,20,11,2024-07-22,CURRENT,HR_9,2024-07-23,2026-01-14 02:44:54.010197,2026-01-14 02:44:54.010197
cda25e10-488c-4b5d-bccb-d3274677a498,N0038,RN,2022-05-31,2027-05-30,False,16,50,34,2022-05-31,CURRENT,HR_10,2022-06-08,2026-01-14 02:44:54.010507,2026-01-14 02:44:54.010507
8e38c149-d9aa-4f50-9bd9-81cfc21a0fc8,N0038,BLS,2025-07-21,2027-07-21,False,2,8,6,2025-07-21,CURRENT,HR_7,2025-07-22,2026-01-14 02:44:54.010795,2026-01-14 02:44:54.010795
c0cac2a0-de74-4957-966d-85a26d2554d0,N0039,BLS,2024-10-15,2026-10-15,False,1,8,7,2024-10-15,CURRENT,HR_2,2024-11-01,2026-01-14 02:44:54.011461,2026-01-14 02:44:54.011462
f4c07ac8-4348-4bb2-a333-d4eb93bac56f,N0039,ICU,2024-12-11,2026-12-11,False,2,40,38,2024-12-11,CURRENT,HR_9,2024-12-29,2026-01-14 02:44:54.011765,2026-01-14 02:44:54.011765
6730ac30-55b4-4a75-b85d-c030320f3e83,N0039,IV_CERT,2024-07-14,2026-07-14,False,8,16,8,2024-07-14,CURRENT,HR_9,2024-07-15,2026-01-14 02:44:54.012066,2026-01-14 02:44:54.012066
00a90f50-94c9-43bb-9d70-e4ee87d2f0f6,N0039,RN,2023-10-08,2028-10-06,False,15,50,35,2023-10-08,CURRENT,HR_1,2023-10-29,2026-01-14 02:44:54.012354,2026-01-14 02:44:54.012354
79dc17dd-e87c-4844-b1dd-e5b71d47d385,N0039,ACLS,2024-11-14,2026-11-14,False,5,16,11,2024-11-14,CURRENT,HR_5,2024-12-08,2026-01-14 02:44:54.012619,2026-01-14 02:44:54.012619
26ad23cb-ce1c-40db-97c6-22229e36e27d,N0040,BLS,2024-12-27,2026-12-27,False,1,8,7,2024-12-27,CURRENT,HR_2,2025-01-21,2026-01-14 02:44:54.013317,2026-01-14 02:44:54.013318
cb56cbdc-3e92-412c-b09a-ae481f2d2443,N0040,IV_CERT,2024-04-29,2026-04-29,False,11,16,5,2024-04-29,CURRENT,HR_6,2024-05-04,2026-01-14 02:44:54.013595,2026-01-14 02:44:54.013596
c0919e9b-37e0-4bfe-9b9a-14ffec85be3e,N0040,CCU,2025-10-31,2027-10-31,False,11,40,29,2025-10-31,CURRENT,HR_9,2025-11-11,2026-01-14 02:44:54.013905,2026-01-14 02:44:54.013905
e4ac0384-05de-4e70-b534-c09afcc6ff6a,N0040,RN,2021-05-24,2026-05-23,False,40,50,10,2021-05-24,CURRENT,HR_3,2021-06-20,2026-01-14 02:44:54.014223,2026-01-14 02:44:54.014224
c11c0c64-af49-4bff-bfb5-95a7b90b9939,N0040,ACLS,2024-08-27,2026-08-27,False,7,16,9,2024-08-27,CURRENT,HR_3,2024-09-22,2026-01-14 02:44:54.014498,2026-01-14 02:44:54.014499
c33cd8e5-0649-479d-acd9-f894569fd543,N0041,IV_CERT,2024-09-03,2026-09-03,False,0,16,16,2024-09-03,CURRENT,HR_5,2024-09-10,2026-01-14 02:44:54.015188,2026-01-14 02:44:54.015189
5b8d9c1d-8247-4e52-a80d-afddcba033a4,N0041,POST_OP,2025-11-01,2027-11-01,False,3,20,17,2025-11-01,CURRENT,HR_1,2025-11-12,2026-01-14 02:44:54.015474,2026-01-14 02:44:54.015475
e79cfe96-c523-487f-b05c-8bba50c8a5eb,N0041,RN,2024-03-20,2029-03-19,False,16,50,34,2024-03-20,CURRENT,HR_7,2024-04-16,2026-01-14 02:44:54.015757,2026-01-14 02:44:54.015757
eb27e661-b167-4b17-8b4f-c96fd3bfb7e3,N0041,BLS,2024-06-07,2026-06-07,False,6,8,2,2024-06-07,CURRENT,HR_5,2024-06-09,2026-01-14 02:44:54.016058,2026-01-14 02:44:54.016059
572937a6-2615-43f1-8a51-b737c679db08,N0042,BLS,2024-12-15,2026-12-15,False,0,8,8,2024-12-15,CURRENT,HR_6,2024-12-24,2026-01-14 02:44:54.016738,2026-01-14 02:44:54.016738
4dc18ccf-86da-4324-a37f-12f59a747639,N0042,ICU,2025-08-10,2027-08-10,False,11,40,29,2025-08-10,CURRENT,HR_7,2025-09-08,2026-01-14 02:44:54.017029,2026-01-14 02:44:54.017029
d31db3ac-7b5f-4c9d-9cd6-ff8597e47326,N0042,IV_CERT,2024-11-01,2026-11-01,False,7,16,9,2024-11-01,CURRENT,HR_7,2024-11-12,2026-01-14 02:44:54.017306,2026-01-14 02:44:54.017306
8fd78488-8ec2-4ea2-afdf-ed07c769f4c2,N0042,RN,2024-11-28,2029-11-27,False,15,50,35,2024-11-28,CURRENT,HR_8,2024-12-10,2026-01-14 02:44:54.017593,2026-01-14 02:44:54.017594
c5b107d0-b71f-44f0-b768-2aa6c4543f92,N0042,ACLS,2024-07-02,2026-07-02,False,8,16,8,2024-07-02,CURRENT,HR_2,2024-07-26,2026-01-14 02:44:54.017928,2026-01-14 02:44:54.017928
d025ef5d-58f0-4317-89d1-40ce7c2bc555,N0043,ICU,2025-05-09,2027-05-09,False,19,40,21,2025-05-09,CURRENT,HR_3,2025-05-27,2026-01-14 02:44:54.018587,2026-01-14 02:44:54.018588
7497fa2d-f149-433d-930e-19d03c92f7d4,N0043,ACLS,2025-07-18,2027-07-18,False,5,16,11,2025-07-18,CURRENT,HR_2,2025-07-21,2026-01-14 02:44:54.018866,2026-01-14 02:44:54.018866
2d355f43-3217-4f90-ad1f-41bc7112aaa4,N0043,RN,2025-07-01,2030-06-30,False,21,50,29,2025-07-01,CURRENT,HR_5,2025-07-11,2026-01-14 02:44:54.019199,2026-01-14 02:44:54.019199
c48aec3a-3fd8-44c7-855c-9f2a567de0b1,N0043,BLS,2025-05-01,2027-05-01,False,4,8,4,2025-05-01,CURRENT,HR_7,2025-05-07,2026-01-14 02:44:54.019498,2026-01-14 02:44:54.019498
49d295e9-2d8b-4ab2-a4cc-faeda68047a6,N0044,IV_CERT,2025-11-02,2027-11-02,False,5,16,11,2025-11-02,CURRENT,HR_10,2025-11-16,2026-01-14 02:44:54.020216,2026-01-14 02:44:54.020216
0c3add08-1369-4446-a4dc-9fe3fa8c479f,N0044,ACLS,2025-03-09,2027-03-09,False,0,16,16,2025-03-09,CURRENT,HR_2,2025-03-31,2026-01-14 02:44:54.020492,2026-01-14 02:44:54.020492
d27c5ff6-c191-47ee-bc9e-76b3d58332b7,N0044,RN,2022-05-20,2027-05-19,False,12,50,38,2022-05-20,CURRENT,HR_6,2022-06-06,2026-01-14 02:44:54.020777,2026-01-14 02:44:54.020777
8d2d7041-9a46-476c-8a73-4a86ddd9586d,N0044,BLS,2024-01-20,2026-01-19,False,6,8,2,2024-01-20,CURRENT,HR_1,2024-01-25,2026-01-14 02:44:54.021081,2026-01-14 02:44:54.021081
086fc88f-3a08-4a06-af1c-a92e6265c5f5,N0045,CHEMO,2024-01-21,2026-01-20,False,23,24,1,2024-01-21,CURRENT,HR_1,2024-01-26,2026-01-14 02:44:54.021805,2026-01-14 02:44:54.021805
d2311aef-c0eb-4776-95df-42ebf4aa7c34,N0045,BLS,2025-10-08,2027-10-08,False,1,8,7,2025-10-08,CURRENT,HR_6,2025-10-20,2026-01-14 02:44:54.022114,2026-01-14 02:44:54.022114
448ce8a4-18cc-49d9-9105-cff3142a0982,N0045,IV_CERT,2024-11-18,2026-11-18,False,0,16,16,2024-11-18,CURRENT,HR_10,2024-11-23,2026-01-14 02:44:54.022378,2026-01-14 02:44:54.022378
a38983ca-ed8f-41dc-84a5-a814acabdb7d,N0045,POST_OP,2024-01-20,2026-01-19,False,17,20,3,2024-01-20,CURRENT,HR_6,2024-02-01,2026-01-14 02:44:54.022643,2026-01-14 02:44:54.022644
93835847-8192-4733-9f14-a7fa394ea429,N0045,RN,2023-06-20,2028-06-18,False,24,50,26,2023-06-20,CURRENT,HR_2,2023-07-09,2026-01-14 02:44:54.022925,2026-01-14 02:44:54.022925
b2fdaabb-a196-4165-9739-6b8278cb29ae,N0046,IV_CERT,2024-12-05,2026-12-05,False,6,16,10,2024-12-05,CURRENT,HR_6,2024-12-26,2026-01-14 02:44:54.023579,2026-01-14 02:44:54.023580
ac580033-ebe8-4255-b996-b4d37503742d,N0046,RN,2024-05-24,2029-05-23,False,7,50,43,2024-05-24,CURRENT,HR_2,2024-05-25,2026-01-14 02:44:54.023855,2026-01-14 02:44:54.023856
81bfe155-c035-4cfb-97f5-049ac2775945,N0046,BLS,2025-06-08,2027-06-08,False,3,8,5,2025-06-08,CURRENT,HR_9,2025-06-21,2026-01-14 02:44:54.024154,2026-01-14 02:44:54.024154
e62beae9-454e-4c4f-9b31-f942b578b3d6,N0047,BLS,2025-03-24,2027-03-24,False,3,8,5,2025-03-24,CURRENT,HR_4,2025-04-13,2026-01-14 02:44:54.024838,2026-01-14 02:44:54.024838
16e1d359-bd6d-4dcb-bc20-8694ad4eff1f,N0047,IV_CERT,2025-02-26,2027-02-26,False,7,16,9,2025-02-26,CURRENT,HR_4,2025-03-02,2026-01-14 02:44:54.025156,2026-01-14 02:44:54.025157
91826977-25d7-4722-88b3-392e72ef826c,N0047,POST_OP,2025-07-30,2027-07-30,False,1,20,19,2025-07-30,CURRENT,HR_8,2025-08-05,2026-01-14 02:44:54.025484,2026-01-14 02:44:54.025484
aec5c681-5639-4d63-8b70-b99bdc9a5603,N0047,RN,2021-12-16,2026-12-15,False,14,50,36,2021-12-16,CURRENT,HR_2,2022-01-11,2026-01-14 02:44:54.025773,2026-01-14 02:44:54.025773
ab7bef54-b8da-4032-aec2-ad7d6ba0904d,N0047,ACLS,2024-01-17,2026-01-16,False,13,16,3,2024-01-17,CURRENT,HR_6,2024-02-09,2026-01-14 02:44:54.026056,2026-01-14 02:44:54.026056
82443bce-a715-4b88-8ff2-88dfc5483f48,N0048,BLS,2024-06-08,2026-06-08,False,5,8,3,2024-06-08,CURRENT,HR_5,2024-07-06,2026-01-14 02:44:54.026734,2026-01-14 02:44:54.026735
acac08d9-5b6e-4aae-91c6-3cec45942430,N0048,ICU,2025-07-07,2027-07-07,False,20,40,20,2025-07-07,CURRENT,HR_3,2025-08-02,2026-01-14 02:44:54.027051,2026-01-14 02:44:54.027052
77578cb8-5f2b-44ad-8f2b-82f45acd8ad3,N0048,IV_CERT,2024-12-10,2026-12-10,False,8,16,8,2024-12-10,CURRENT,HR_4,2024-12-14,2026-01-14 02:44:54.027335,2026-01-14 02:44:54.027336
43bed867-db98-407a-9633-d9518ac467d8,N0048,RN,2024-10-30,2029-10-29,False,25,50,25,2024-10-30,CURRENT,HR_3,2024-11-07,2026-01-14 02:44:54.027607,2026-01-14 02:44:54.027607
eb289860-5b63-4e47-b4e6-78c6b897c6ba,N0048,ACLS,2024-07-28,2026-07-28,False,0,16,16,2024-07-28,CURRENT,HR_6,2024-08-15,2026-01-14 02:44:54.027890,2026-01-14 02:44:54.027890
92441035-a9d8-424e-b39e-40aeded5c27d,N0049,IV_CERT,2024-08-24,2026-08-24,False,8,16,8,2024-08-24,CURRENT,HR_3,2024-09-13,2026-01-14 02:44:54.028597,2026-01-14 02:44:54.028598
1e7b02fa-78c3-4bb3-86e4-0914156cc0fb,N0049,RN,2025-06-22,2030-06-21,False,2,50,48,2025-06-22,CURRENT,HR_5,2025-07-05,2026-01-14 02:44:54.028972,2026-01-14 02:44:54.028972
3061536d-ff54-4ecb-9e7f-d470a0fdbb0a,N0049,BLS,2024-08-12,2026-08-12,False,4,8,4,2024-08-12,CURRENT,HR_7,2024-09-06,2026-01-14 02:44:54.029301,2026-01-14 02:44:54.029301
e9750760-8e9f-4edc-a748-37c86a5d28ca,N0050,IV_CERT,2025-08-09,2027-08-09,False,5,16,11,2025-08-09,CURRENT,HR_2,2025-08-24,2026-01-14 02:44:54.030018,2026-01-14 02:44:54.030018
4d829406-f0e0-482d-a305-08606916820e,N0050,POST_OP,2024-08-25,2026-08-25,False,10,20,10,2024-08-25,CURRENT,HR_9,2024-09-06,2026-01-14 02:44:54.030307,2026-01-14 02:44:54.030308
38b35e28-a991-4bd9-a62b-b06bacc3faca,N0050,RN,2025-03-28,2030-03-27,False,24,50,26,2025-03-28,CURRENT,HR_9,2025-04-18,2026-01-14 02:44:54.030567,2026-01-14 02:44:54.030568
865bae3b-2098-4b65-a218-f8e409d79019,N0050,BLS,2024-04-23,2026-04-23,False,4,8,4,2024-04-23,CURRENT,HR_3,2024-05-07,2026-01-14 02:44:54.030836,2026-01-14 02:44:54.030836
34ff4252-8c33-4584-8d1e-4d5a69023532,N0051,CHEMO,2025-08-10,2027-08-10,False,8,24,16,2025-08-10,CURRENT,HR_3,2025-08-20,2026-01-14 02:44:54.031532,2026-01-14 02:44:54.031532
ba342c17-5956-4f1f-871a-845b5d2706bd,N0051,BLS,2025-06-30,2027-06-30,False,1,8,7,2025-06-30,CURRENT,HR_6,2025-07-30,2026-01-14 02:44:54.031822,2026-01-14 02:44:54.031822
fc2deb49-c992-4a40-99b2-3ffce108cffb,N0051,IV_CERT,2025-04-29,2027-04-29,False,5,16,11,2025-04-29,CURRENT,HR_9,2025-05-28,2026-01-14 02:44:54.032116,2026-01-14 02:44:54.032116
83c01573-d358-44e8-b7e5-ce191c716b62,N0051,POST_OP,2025-02-28,2027-02-28,False,1,20,19,2025-02-28,CURRENT,HR_5,2025-03-07,2026-01-14 02:44:54.032392,2026-01-14 02:44:54.032392
1531d18f-0a02-49d4-8942-9b64f803fd26,N0051,RN,2022-05-25,2027-05-24,False,17,50,33,2022-05-25,CURRENT,HR_5,2022-05-30,2026-01-14 02:44:54.032684,2026-01-14 02:44:54.032685
d5589c91-5346-4644-ab6f-fd16a7affcf9,N0051,ACLS,2024-03-15,2026-03-15,False,13,16,3,2024-03-15,CURRENT,HR_10,2024-04-02,2026-01-14 02:44:54.032999,2026-01-14 02:44:54.032999
d899e6a1-4548-4082-a809-cab1430b02f1,N0052,RN,2024-02-28,2029-02-26,False,5,50,45,2024-02-28,CURRENT,HR_10,2024-03-18,2026-01-14 02:44:54.033716,2026-01-14 02:44:54.033716
669ce152-a585-4185-ad28-dca00e6703ad,N0052,BLS,2025-07-11,2027-07-11,False,1,8,7,2025-07-11,CURRENT,HR_10,2025-08-04,2026-01-14 02:44:54.034026,2026-01-14 02:44:54.034026
904d77f4-0a21-4295-9425-fe672ddd95ea,N0052,OB_NURS,2024-04-05,2027-04-05,False,10,30,20,2024-04-05,CURRENT,HR_10,2024-04-07,2026-01-14 02:44:54.034311,2026-01-14 02:44:54.034311
8350c55c-f7ce-4d12-8f3d-87ac9e5d2d04,N0053,CHEMO,2025-11-16,2027-11-16,False,1,24,23,2025-11-16,CURRENT,HR_1,2025-12-07,2026-01-14 02:44:54.034983,2026-01-14 02:44:54.034984
717ec508-9338-458f-a957-fff2fafac1d1,N0053,IV_CERT,2024-05-04,2026-05-04,False,8,16,8,2024-05-04,CURRENT,HR_4,2024-05-29,2026-01-14 02:44:54.035268,2026-01-14 02:44:54.035268
a9d0bdc9-2b92-4ee2-a548-78dafe5dd60d,N0053,RN,2023-08-15,2028-08-13,False,19,50,31,2023-08-15,CURRENT,HR_1,2023-08-31,2026-01-14 02:44:54.035547,2026-01-14 02:44:54.035547
ad224e6b-c311-4dc8-ad2d-51ab9c72bfe5,N0053,BLS,2024-03-13,2026-03-13,False,7,8,1,2024-03-13,CURRENT,HR_5,2024-03-29,2026-01-14 02:44:54.035840,2026-01-14 02:44:54.035840
372ea415-eb61-461e-8b4d-8c9e78157f94,N0054,CHEMO,2024-10-26,2026-10-26,False,4,24,20,2024-10-26,CURRENT,HR_8,2024-10-29,2026-01-14 02:44:54.036559,2026-01-14 02:44:54.036559
5c86446b-7a6c-45f3-b7ad-683c5f86f7dc,N0054,BLS,2025-10-15,2027-10-15,False,1,8,7,2025-10-15,CURRENT,HR_8,2025-10-29,2026-01-14 02:44:54.036854,2026-01-14 02:44:54.036854
4498179e-8032-4e21-b59a-4736342a97d3,N0054,IV_CERT,2024-08-07,2026-08-07,False,7,16,9,2024-08-07,CURRENT,HR_4,2024-08-18,2026-01-14 02:44:54.037159,2026-01-14 02:44:54.037159
e445864a-b919-4268-84fe-bc300fc4bccc,N0054,CCU,2024-04-03,2026-04-03,False,30,40,10,2024-04-03,CURRENT,HR_6,2024-05-01,2026-01-14 02:44:54.037435,2026-01-14 02:44:54.037436
230f800e-d922-4668-aedb-a7a879b5c419,N0054,RN,2021-12-05,2026-12-04,False,10,50,40,2021-12-05,CURRENT,HR_6,2021-12-18,2026-01-14 02:44:54.037730,2026-01-14 02:44:54.037730
a12c75c4-b618-4dba-aa23-e71a6acce970,N0054,ACLS,2025-08-04,2027-08-04,False,5,16,11,2025-08-04,CURRENT,HR_9,2025-08-22,2026-01-14 02:44:54.038011,2026-01-14 02:44:54.038011
be537a89-c1bb-43bc-be2f-d41750433d51,N0055,IV_CERT,2025-08-12,2027-08-12,False,4,16,12,2025-08-12,CURRENT,HR_8,2025-08-20,2026-01-14 02:44:54.038655,2026-01-14 02:44:54.038655
29c060c7-dad0-411f-8402-b1b57ec0e68b,N0055,RN,2025-03-02,2030-03-01,False,3,50,47,2025-03-02,CURRENT,HR_1,2025-03-12,2026-01-14 02:44:54.038953,2026-01-14 02:44:54.038953
1ec17205-32d4-4e9c-8dbf-cda151546cb7,N0055,BLS,2024-11-17,2026-11-17,False,4,8,4,2024-11-17,CURRENT,HR_7,2024-11-25,2026-01-14 02:44:54.039240,2026-01-14 02:44:54.039240
e8d625f4-0300-4032-8adf-bf41a6f05668,N0056,CHEMO,2025-07-05,2027-07-05,False,5,24,19,2025-07-05,CURRENT,HR_10,2025-07-29,2026-01-14 02:44:54.039953,2026-01-14 02:44:54.039954
5563816f-e637-4325-9112-7547c58d56c2,N0056,BLS,2025-01-29,2027-01-29,False,1,8,7,2025-01-29,CURRENT,HR_3,2025-02-14,2026-01-14 02:44:54.040239,2026-01-14 02:44:54.040239
2de6f89d-6da0-4eca-b301-99bd714ef68a,N0056,IV_CERT,2024-07-06,2026-07-06,False,9,16,7,2024-07-06,CURRENT,HR_8,2024-08-04,2026-01-14 02:44:54.040533,2026-01-14 02:44:54.040533
fe4c1941-e7d6-4337-8c03-aea8c3172130,N0056,POST_OP,2025-02-03,2027-02-03,False,7,20,13,2025-02-03,CURRENT,HR_1,2025-02-06,2026-01-14 02:44:54.040834,2026-01-14 02:44:54.040834
368779c2-4832-4bdd-b255-3561b2d96ee4,N0056,RN,2023-10-02,2028-09-30,False,16,50,34,2023-10-02,CURRENT,HR_8,2023-10-10,2026-01-14 02:44:54.041139,2026-01-14 02:44:54.041139
f353b59b-eb2e-4fef-858a-ba337dc8d36d,N0057,IV_CERT,2024-12-19,2026-12-19,False,0,16,16,2024-12-19,CURRENT,HR_1,2024-12-29,2026-01-14 02:44:54.041832,2026-01-14 02:44:54.041832
90a0d10b-bfd9-460a-a01d-178b68780c9b,N0057,POST_OP,2024-07-27,2026-07-27,False,9,20,11,2024-07-27,CURRENT,HR_8,2024-08-06,2026-01-14 02:44:54.042141,2026-01-14 02:44:54.042141
606e1279-2e57-4ccd-b845-cf88f4a5b809,N0057,RN,2025-11-29,2030-11-28,False,3,50,47,2025-11-29,CURRENT,HR_7,2025-12-04,2026-01-14 02:44:54.042414,2026-01-14 02:44:54.042415
b9206c90-93f2-4ac1-bef5-b896551c666a,N0057,BLS,2025-03-20,2027-03-20,False,2,8,6,2025-03-20,CURRENT,HR_7,2025-04-01,2026-01-14 02:44:54.042686,2026-01-14 02:44:54.042686
4bb55097-1e47-4510-8563-4308bb77f64e,N0058,IV_CERT,2024-05-19,2026-05-19,False,7,16,9,2024-05-19,CURRENT,HR_6,2024-06-06,2026-01-14 02:44:54.043431,2026-01-14 02:44:54.043431
a3301cd6-37c7-4449-a53c-a3195764b5a5,N0058,RN,2024-05-03,2029-05-02,False,2,50,48,2024-05-03,CURRENT,HR_7,2024-05-20,2026-01-14 02:44:54.043722,2026-01-14 02:44:54.043722
c7ddb191-d74f-4a95-a91e-205da0c61110,N0058,BLS,2024-09-10,2026-09-10,False,4,8,4,2024-09-10,CURRENT,HR_5,2024-10-07,2026-01-14 02:44:54.044002,2026-01-14 02:44:54.044002
dc8923fa-cd53-465f-bddb-f86ea8c9ab72,N0059,IV_CERT,2025-08-16,2027-08-16,False,2,16,14,2025-08-16,CURRENT,HR_2,2025-08-29,2026-01-14 02:44:54.044669,2026-01-14 02:44:54.044669
a8cd03f2-167b-4354-8678-a59a61b0e64d,N0059,ACLS,2024-11-28,2026-11-28,False,5,16,11,2024-11-28,CURRENT,HR_9,2024-12-10,2026-01-14 02:44:54.044992,2026-01-14 02:44:54.044992
a743554b-c274-498a-bd20-c4027c823c99,N0059,RN,2021-09-21,2026-09-20,False,4,50,46,2021-09-21,CURRENT,HR_4,2021-10-11,2026-01-14 02:44:54.045286,2026-01-14 02:44:54.045286
58fca88a-d81b-41a4-b32d-f6b9aa5a326e,N0059,BLS,2024-07-12,2026-07-12,False,6,8,2,2024-07-12,CURRENT,HR_9,2024-07-14,2026-01-14 02:44:54.045555,2026-01-14 02:44:54.045555
b914a00f-b579-4bbd-af2a-f172f393e47f,N0060,BLS,2025-07-28,2027-07-28,False,2,8,6,2025-07-28,CURRENT,HR_8,2025-08-14,2026-01-14 02:44:54.046235,2026-01-14 02:44:54.046235
ace32a41-fa97-4c6b-9296-06b8eea8b22a,N0060,IV_CERT,2024-09-04,2026-09-04,False,2,16,14,2024-09-04,CURRENT,HR_10,2024-10-03,2026-01-14 02:44:54.046505,2026-01-14 02:44:54.046505
a01f22d8-22b4-44f5-8f96-1471f7a0ce99,N0060,CCU,2024-07-06,2026-07-06,False,20,40,20,2024-07-06,CURRENT,HR_6,2024-08-05,2026-01-14 02:44:54.046778,2026-01-14 02:44:54.046778
6e17975e-f368-48e4-9d68-6a8763e2f84d,N0060,RN,2024-03-03,2029-03-02,False,5,50,45,2024-03-03,CURRENT,HR_7,2024-03-23,2026-01-14 02:44:54.047063,2026-01-14 02:44:54.047063
e718e2af-dd7d-4c17-9b31-525d6d22447d,N0060,ACLS,2025-02-12,2027-02-12,False,5,16,11,2025-02-12,CURRENT,HR_9,2025-03-11,2026-01-14 02:44:54.047335,2026-01-14 02:44:54.047335
b9ba2a9a-fc31-4e0a-ab21-d796756a448e,N0061,IV_CERT,2024-05-18,2026-05-18,False,8,16,8,2024-05-18,CURRENT,HR_8,2024-06-14,2026-01-14 02:44:54.048032,2026-01-14 02:44:54.048033
626d2b97-85ee-4d4c-b195-48be7a0ebc38,N0061,ACLS,2025-11-28,2027-11-28,False,5,16,11,2025-11-28,CURRENT,HR_6,2025-12-20,2026-01-14 02:44:54.048338,2026-01-14 02:44:54.048338
55faed2c-6fd7-4c28-bcc0-1a992150131e,N0061,RN,2025-05-05,2030-05-04,False,13,50,37,2025-05-05,CURRENT,HR_10,2025-05-15,2026-01-14 02:44:54.048610,2026-01-14 02:44:54.048610
029d69b7-2885-4280-a356-036c1398e98b,N0061,BLS,2024-03-11,2026-03-11,False,5,8,3,2024-03-11,CURRENT,HR_10,2024-03-27,2026-01-14 02:44:54.048896,2026-01-14 02:44:54.048897
e6de9399-4531-4f7d-b34d-32aa7a7f6191,N0062,PEDS,2024-09-05,2027-09-05,False,1,30,29,2024-09-05,CURRENT,HR_10,2024-09-21,2026-01-14 02:44:54.049625,2026-01-14 02:44:54.049625
48495f89-a9c8-4c1b-908a-0dd421d875e3,N0062,IV_CERT,2025-06-24,2027-06-24,False,8,16,8,2025-06-24,CURRENT,HR_10,2025-07-19,2026-01-14 02:44:54.049892,2026-01-14 02:44:54.049892
dc2124c6-7798-449f-8f03-4ddd85d2f417,N0062,RN,2021-03-29,2026-03-28,False,47,50,3,2021-03-29,CURRENT,HR_3,2021-04-25,2026-01-14 02:44:54.050158,2026-01-14 02:44:54.050158
649d0e50-4ffe-45f7-aa76-f674d10fd3a6,N0062,BLS,2024-01-18,2026-01-17,False,6,8,2,2024-01-18,CURRENT,HR_1,2024-02-06,2026-01-14 02:44:54.050408,2026-01-14 02:44:54.050409
7c1c5000-f11d-4bc9-8cad-69d3958b25f5,N0063,CHEMO,2025-10-20,2027-10-20,False,3,24,21,2025-10-20,CURRENT,HR_1,2025-11-04,2026-01-14 02:44:54.051089,2026-01-14 02:44:54.051089
bfbb934b-0c92-45e5-9a81-82ad6df830f0,N0063,POST_OP,2025-07-08,2027-07-08,False,6,20,14,2025-07-08,CURRENT,HR_3,2025-07-22,2026-01-14 02:44:54.051371,2026-01-14 02:44:54.051371
02f61355-2b98-4831-b462-5f7ac6f980df,N0063,RN,2025-09-02,2030-09-01,False,13,50,37,2025-09-02,CURRENT,HR_9,2025-09-27,2026-01-14 02:44:54.051644,2026-01-14 02:44:54.051644
3a336627-48d0-4742-9c7c-162739007be6,N0063,BLS,2025-02-05,2027-02-05,False,3,8,5,2025-02-05,CURRENT,HR_1,2025-02-28,2026-01-14 02:44:54.051949,2026-01-14 02:44:54.051950
a4a4dfff-c61f-4009-953a-c792b5d00946,N0064,IV_CERT,2025-05-17,2027-05-17,False,8,16,8,2025-05-17,CURRENT,HR_6,2025-06-08,2026-01-14 02:44:54.052616,2026-01-14 02:44:54.052616
f8d1a7b5-73ab-4682-adc6-062e04fc9031,N0064,RN,2023-04-11,2028-04-09,False,16,50,34,2023-04-11,CURRENT,HR_7,2023-04-22,2026-01-14 02:44:54.052911,2026-01-14 02:44:54.052911
6a14cc47-7893-44bd-8b60-6b6c92f7f9d8,N0064,BLS,2025-06-21,2027-06-21,False,3,8,5,2025-06-21,CURRENT,HR_9,2025-07-02,2026-01-14 02:44:54.053208,2026-01-14 02:44:54.053208
b0f3a1fd-e4c1-4295-be62-e48f4b8c22dc,N0065,BLS,2024-01-18,2026-01-17,False,7,8,1,2024-01-18,CURRENT,HR_10,2024-02-03,2026-01-14 02:44:54.053930,2026-01-14 02:44:54.053930
ed35060d-30a5-4e71-9493-cd582719c044,N0065,PEDS,2024-11-17,2027-11-17,False,7,30,23,2024-11-17,CURRENT,HR_5,2024-12-05,2026-01-14 02:44:54.054220,2026-01-14 02:44:54.054220
13ae319f-eae7-4278-96db-7a532214d4d0,N0065,IV_CERT,2025-02-13,2027-02-13,False,3,16,13,2025-02-13,CURRENT,HR_5,2025-03-10,2026-01-14 02:44:54.054506,2026-01-14 02:44:54.054507
a29794b1-1ea4-4b2f-b43f-2e96cc1d141f,N0065,RN,2024-05-03,2029-05-02,False,22,50,28,2024-05-03,CURRENT,HR_4,2024-05-26,2026-01-14 02:44:54.054799,2026-01-14 02:44:54.054799
82c88cee-9e76-4d65-8245-3b428e522951,N0065,ACLS,2024-08-02,2026-08-02,False,5,16,11,2024-08-02,CURRENT,HR_8,2024-08-14,2026-01-14 02:44:54.055072,2026-01-14 02:44:54.055073
55cf237d-4c9b-40e6-b34c-cc1b8d2dc77b,N0066,CCU,2025-07-28,2027-07-28,False,9,40,31,2025-07-28,CURRENT,HR_2,2025-08-16,2026-01-14 02:44:54.055724,2026-01-14 02:44:54.055724
b8c83798-67f1-448d-8277-fdeff966eec1,N0066,RN,2025-03-12,2030-03-11,False,12,50,38,2025-03-12,CURRENT,HR_7,2025-04-08,2026-01-14 02:44:54.056028,2026-01-14 02:44:54.056029
b066b1f7-afb6-4b9e-ae73-0bd279368fd5,N0066,ACLS,2025-06-22,2027-06-22,False,2,16,14,2025-06-22,CURRENT,HR_5,2025-06-24,2026-01-14 02:44:54.056329,2026-01-14 02:44:54.056329
855988db-382d-4e49-838c-e2474800d55e,N0066,BLS,2025-07-21,2027-07-21,False,0,8,8,2025-07-21,CURRENT,HR_6,2025-08-20,2026-01-14 02:44:54.056590,2026-01-14 02:44:54.056590
f80ed518-b938-4e48-966f-b808fa30fb10,N0067,IV_CERT,2024-08-12,2026-08-12,False,3,16,13,2024-08-12,CURRENT,HR_4,2024-09-08,2026-01-14 02:44:54.057274,2026-01-14 02:44:54.057274
02023680-00da-45e9-b565-7f25d04a5e8b,N0067,POST_OP,2024-06-12,2026-06-12,False,12,20,8,2024-06-12,CURRENT,HR_9,2024-07-05,2026-01-14 02:44:54.057557,2026-01-14 02:44:54.057557
d5f4cc08-0b44-43f4-bae0-24e277545b25,N0067,RN,2024-06-07,2029-06-06,False,4,50,46,2024-06-07,CURRENT,HR_2,2024-06-27,2026-01-14 02:44:54.057842,2026-01-14 02:44:54.057842
94b4306d-9376-44fc-9db1-2bf3fae9fc4e,N0067,BLS,2024-04-24,2026-04-24,False,4,8,4,2024-04-24,CURRENT,HR_4,2024-04-26,2026-01-14 02:44:54.058136,2026-01-14 02:44:54.058136
c83ba3b4-7fc1-444c-be01-c755c08dce0f,N0068,BLS,2024-06-20,2026-06-20,False,4,8,4,2024-06-20,CURRENT,HR_4,2024-06-22,2026-01-14 02:44:54.058831,2026-01-14 02:44:54.058832
2ec87ee9-e08c-4dcb-bb3e-e3e2b70ebce4,N0068,ICU,2025-09-04,2027-09-04,False,13,40,27,2025-09-04,CURRENT,HR_6,2025-09-27,2026-01-14 02:44:54.059148,2026-01-14 02:44:54.059148
ed53ffc9-618c-4772-89c0-fb329ec45fbe,N0068,IV_CERT,2024-08-19,2026-08-19,False,1,16,15,2024-08-19,CURRENT,HR_3,2024-08-20,2026-01-14 02:44:54.059410,2026-01-14 02:44:54.059410
2ab24f8b-5fed-4028-a642-88e92218c7bf,N0068,RN,2025-01-26,2030-01-25,False,13,50,37,2025-01-26,CURRENT,HR_8,2025-02-11,2026-01-14 02:44:54.059674,2026-01-14 02:44:54.059675
0f5882f4-b3e6-4082-b0bd-253311907e5b,N0068,ACLS,2024-02-18,2026-02-17,False,12,16,4,2024-02-18,CURRENT,HR_5,2024-02-29,2026-01-14 02:44:54.059954,2026-01-14 02:44:54.059955
2eb37395-8604-4b94-9f92-00384ac00b77,N0069,IV_CERT,2025-10-16,2027-10-16,False,1,16,15,2025-10-16,CURRENT,HR_10,2025-10-24,2026-01-14 02:44:54.060671,2026-01-14 02:44:54.060672
ef9808c0-1e60-4b06-aa1c-deb32efe8081,N0069,RN,2025-09-30,2030-09-29,False,5,50,45,2025-09-30,CURRENT,HR_7,2025-10-29,2026-01-14 02:44:54.060995,2026-01-14 02:44:54.060996
819b96f9-7553-49fa-b931-fd769447e68d,N0069,BLS,2025-06-18,2027-06-18,False,0,8,8,2025-06-18,CURRENT,HR_7,2025-07-14,2026-01-14 02:44:54.061271,2026-01-14 02:44:54.061271
ad022e18-cc89-4062-ab38-75a65290973e,N0069,OB_NURS,2023-03-07,2026-03-06,False,23,30,7,2023-03-07,CURRENT,HR_5,2023-04-05,2026-01-14 02:44:54.061533,2026-01-14 02:44:54.061533
a7cebf52-468a-4246-ac2c-bced2d91c08b,N0070,PEDS,2025-05-10,2028-05-09,False,10,30,20,2025-05-10,CURRENT,HR_5,2025-05-25,2026-01-14 02:44:54.062218,2026-01-14 02:44:54.062219
dd2fcbba-017e-488d-9d22-fdeada6940d4,N0070,IV_CERT,2024-02-28,2026-02-27,False,15,16,1,2024-02-28,CURRENT,HR_9,2024-03-15,2026-01-14 02:44:54.062510,2026-01-14 02:44:54.062511
69310b1d-6ef2-483a-a135-42608164e5ea,N0070,RN,2025-03-16,2030-03-15,False,16,50,34,2025-03-16,CURRENT,HR_8,2025-03-25,2026-01-14 02:44:54.062806,2026-01-14 02:44:54.062806
bd4cd883-1d5d-48b1-b56b-b421e289880c,N0070,BLS,2025-06-01,2027-06-01,False,0,8,8,2025-06-01,CURRENT,HR_6,2025-06-07,2026-01-14 02:44:54.063105,2026-01-14 02:44:54.063105
38098f65-35d1-41c0-ae30-69b61ec84117,N0071,IV_CERT,2025-06-08,2027-06-08,False,0,16,16,2025-06-08,CURRENT,HR_6,2025-07-04,2026-01-14 02:44:54.063756,2026-01-14 02:44:54.063756
569e7f3e-70c9-4023-bb4b-b000f0766f62,N0071,ACLS,2025-02-16,2027-02-16,False,3,16,13,2025-02-16,CURRENT,HR_3,2025-03-08,2026-01-14 02:44:54.064081,2026-01-14 02:44:54.064081
e658c10b-6c57-4160-8f1c-4b38ae3005c4,N0071,RN,2021-02-26,2026-02-25,False,47,50,3,2021-02-26,CURRENT,HR_7,2021-03-15,2026-01-14 02:44:54.064371,2026-01-14 02:44:54.064371
c6153754-b964-4ced-be1f-02a7336eb647,N0071,BLS,2025-01-14,2027-01-14,False,0,8,8,2025-01-14,CURRENT,HR_7,2025-02-05,2026-01-14 02:44:54.064656,2026-01-14 02:44:54.064656
4e327175-1071-40f5-8a29-72b2c1948b47,N0072,IV_CERT,2025-07-25,2027-07-25,False,7,16,9,2025-07-25,CURRENT,HR_6,2025-08-24,2026-01-14 02:44:54.065337,2026-01-14 02:44:54.065337
100f3d65-7e77-4b24-9552-98a3e5964161,N0072,RN,2024-07-25,2029-07-24,False,0,50,50,2024-07-25,CURRENT,HR_5,2024-08-07,2026-01-14 02:44:54.065595,2026-01-14 02:44:54.065595
12955f18-c4b2-4090-aaa3-3b19609969d2,N0072,BLS,2025-04-18,2027-04-18,False,3,8,5,2025-04-18,CURRENT,HR_5,2025-04-29,2026-01-14 02:44:54.065869,2026-01-14 02:44:54.065870
131e1b3c-f170-4079-9f52-4d68aeea37f7,N0072,OB_NURS,2024-04-06,2027-04-06,False,0,30,30,2024-04-06,CURRENT,HR_5,2024-04-27,2026-01-14 02:44:54.066169,2026-01-14 02:44:54.066169
c4b3dfb4-dd5b-48f4-bf84-4a62a760bd84,N0073,IV_CERT,2024-02-01,2026-01-31,False,11,16,5,2024-02-01,CURRENT,HR_8,2024-02-11,2026-01-14 02:44:54.066871,2026-01-14 02:44:54.066872
13e8cbaf-c5e2-4570-8bf9-7ce81c80c6b1,N0073,POST_OP,2025-07-05,2027-07-05,False,6,20,14,2025-07-05,CURRENT,HR_9,2025-08-04,2026-01-14 02:44:54.067149,2026-01-14 02:44:54.067149
885f419f-f8c0-4eae-bee9-f8f8dd3ed58e,N0073,RN,2022-01-05,2027-01-04,False,24,50,26,2022-01-05,CURRENT,HR_5,2022-01-28,2026-01-14 02:44:54.067413,2026-01-14 02:44:54.067413
4f18589e-78e1-4d2d-a510-546c4eed2c89,N0073,BLS,2025-08-17,2027-08-17,False,2,8,6,2025-08-17,CURRENT,HR_6,2025-09-06,2026-01-14 02:44:54.067692,2026-01-14 02:44:54.067692
8ce8a27c-b13d-423e-bd89-c760eaf87e99,N0074,CHEMO,2024-08-13,2026-08-13,False,2,24,22,2024-08-13,CURRENT,HR_8,2024-09-06,2026-01-14 02:44:54.068428,2026-01-14 02:44:54.068428
a7720507-65de-40b7-9031-04feb474c315,N0074,BLS,2024-04-04,2026-04-04,False,7,8,1,2024-04-04,CURRENT,HR_7,2024-04-27,2026-01-14 02:44:54.068707,2026-01-14 02:44:54.068708
0480a415-197d-4fde-9af5-156b31aadfc7,N0074,ICU,2024-06-01,2026-06-01,False,31,40,9,2024-06-01,CURRENT,HR_9,2024-06-27,2026-01-14 02:44:54.068989,2026-01-14 02:44:54.068990
4d6af265-1e87-46af-9744-26de5290bbb8,N0074,IV_CERT,2024-02-04,2026-02-03,False,12,16,4,2024-02-04,CURRENT,HR_4,2024-02-26,2026-01-14 02:44:54.069324,2026-01-14 02:44:54.069325
7e5b2445-cbf8-4ece-a12b-e0b3f13b026d,N0074,RN,2021-09-22,2026-09-21,False,19,50,31,2021-09-22,CURRENT,HR_2,2021-10-09,2026-01-14 02:44:54.069611,2026-01-14 02:44:54.069612
b7d613ae-c10d-48ad-a56a-eb36879c9034,N0074,ACLS,2024-09-14,2026-09-14,False,8,16,8,2024-09-14,CURRENT,HR_6,2024-09-17,2026-01-14 02:44:54.069889,2026-01-14 02:44:54.069889
4d9cd0c4-2c80-4569-aee7-65a6998bf68a,N0075,BLS,2024-06-03,2026-06-03,False,4,8,4,2024-06-03,CURRENT,HR_10,2024-06-21,2026-01-14 02:44:54.070571,2026-01-14 02:44:54.070572
f31365bb-1335-4a65-a77d-a6d6d4dc6d03,N0075,ICU,2025-07-15,2027-07-15,False,5,40,35,2025-07-15,CURRENT,HR_6,2025-08-12,2026-01-14 02:44:54.070848,2026-01-14 02:44:54.070848
7f045e53-ad21-4adf-91cd-1d63d6696f39,N0075,IV_CERT,2024-07-01,2026-07-01,False,9,16,7,2024-07-01,CURRENT,HR_2,2024-07-23,2026-01-14 02:44:54.071136,2026-01-14 02:44:54.071136
fae72bb9-02f4-403d-9138-4f8ac9934c3a,N0075,RN,2024-10-21,2029-10-20,False,22,50,28,2024-10-21,CURRENT,HR_10,2024-11-06,2026-01-14 02:44:54.071407,2026-01-14 02:44:54.071408
a594a5f2-7f64-490d-bd41-9457e712077a,N0075,ACLS,2025-09-13,2027-09-13,False,8,16,8,2025-09-13,CURRENT,HR_8,2025-10-09,2026-01-14 02:44:54.071670,2026-01-14 02:44:54.071670
c27e6d3b-f5d2-4a63-b7c0-642bf6f0cce8,N0076,IV_CERT,2024-10-16,2026-10-16,False,7,16,9,2024-10-16,CURRENT,HR_10,2024-10-18,2026-01-14 02:44:54.072365,2026-01-14 02:44:54.072366
0430bc6b-91ae-42e3-846e-b83f2e7f2eda,N0076,POST_OP,2024-05-22,2026-05-22,False,15,20,5,2024-05-22,CURRENT,HR_5,2024-06-15,2026-01-14 02:44:54.072641,2026-01-14 02:44:54.072641
c43dc7c6-5c2d-40f2-a5c8-68431d723ac3,N0076,RN,2025-11-01,2030-10-31,False,12,50,38,2025-11-01,CURRENT,HR_5,2025-11-28,2026-01-14 02:44:54.072936,2026-01-14 02:44:54.072936
7323b83c-b1a0-4ca6-b831-2e84f38952fc,N0076,BLS,2025-12-12,2027-12-12,False,1,8,7,2025-12-12,CURRENT,HR_10,2025-12-15,2026-01-14 02:44:54.073194,2026-01-14 02:44:54.073194
258a8524-1680-4a06-b315-7f460efc68c3,N0077,BLS,2025-10-11,2027-10-11,False,4,8,4,2025-10-11,CURRENT,HR_1,2025-11-10,2026-01-14 02:44:54.073857,2026-01-14 02:44:54.073857
7a1799c9-c73f-4001-b647-72adc193d9da,N0077,ICU,2025-10-06,2027-10-06,False,15,40,25,2025-10-06,CURRENT,HR_1,2025-10-16,2026-01-14 02:44:54.074165,2026-01-14 02:44:54.074165
701bb8dd-691e-4f22-99f8-d61ce3c9c288,N0077,IV_CERT,2024-10-23,2026-10-23,False,2,16,14,2024-10-23,CURRENT,HR_3,2024-11-17,2026-01-14 02:44:54.074449,2026-01-14 02:44:54.074449
11e1fd52-ed7c-4266-9ade-1e1dbb55b9b4,N0077,RN,2022-05-12,2027-05-11,False,23,50,27,2022-05-12,CURRENT,HR_7,2022-05-24,2026-01-14 02:44:54.074765,2026-01-14 02:44:54.074765
bb09de29-272c-4440-9d14-2f2494fa9873,N0077,ACLS,2024-11-19,2026-11-19,False,7,16,9,2024-11-19,CURRENT,HR_7,2024-12-02,2026-01-14 02:44:54.075121,2026-01-14 02:44:54.075122
58ba49eb-cc07-4365-a092-0c34a52a8213,N0078,CHEMO,2024-06-11,2026-06-11,False,11,24,13,2024-06-11,CURRENT,HR_6,2024-06-15,2026-01-14 02:44:54.075905,2026-01-14 02:44:54.075906
e1b27806-cd63-4d43-9c61-27f15d28bd57,N0078,IV_CERT,2025-06-16,2027-06-16,False,8,16,8,2025-06-16,CURRENT,HR_7,2025-07-03,2026-01-14 02:44:54.076230,2026-01-14 02:44:54.076230
eb91fac0-d38d-4969-89cd-4f30ff938102,N0078,RN,2025-03-30,2030-03-29,False,23,50,27,2025-03-30,CURRENT,HR_4,2025-04-26,2026-01-14 02:44:54.076522,2026-01-14 02:44:54.076522
13848235-33cd-43c5-97b7-631140a636d4,N0078,BLS,2025-12-12,2027-12-12,False,0,8,8,2025-12-12,CURRENT,HR_5,2025-12-27,2026-01-14 02:44:54.076806,2026-01-14 02:44:54.076806
ea638cc9-714d-4830-8489-cfc1019494ea,N0079,BLS,2024-06-06,2026-06-06,False,6,8,2,2024-06-06,CURRENT,HR_9,2024-06-19,2026-01-14 02:44:54.077482,2026-01-14 02:44:54.077482
3d804903-7b47-42ce-be21-cca0539d5e03,N0079,ICU,2025-04-24,2027-04-24,False,7,40,33,2025-04-24,CURRENT,HR_8,2025-05-06,2026-01-14 02:44:54.077760,2026-01-14 02:44:54.077760
8452c11e-7b27-47d7-ae29-8e58f6039356,N0079,IV_CERT,2025-07-10,2027-07-10,False,4,16,12,2025-07-10,CURRENT,HR_4,2025-08-09,2026-01-14 02:44:54.078050,2026-01-14 02:44:54.078050
897030ba-e200-47c5-bf21-37c898afca7e,N0079,RN,2025-04-28,2030-04-27,False,1,50,49,2025-04-28,CURRENT,HR_7,2025-05-18,2026-01-14 02:44:54.078326,2026-01-14 02:44:54.078327
4d8a6eb8-876b-425b-9649-5b7a38a1fbf2,N0079,ACLS,2025-11-29,2027-11-29,False,3,16,13,2025-11-29,CURRENT,HR_4,2025-12-02,2026-01-14 02:44:54.078625,2026-01-14 02:44:54.078626
81afa5cf-7e03-49bd-828a-167548d63701,N0080,IV_CERT,2024-04-12,2026-04-12,False,16,16,0,2024-04-12,CURRENT,HR_1,2024-04-20,2026-01-14 02:44:54.079356,2026-01-14 02:44:54.079356
43b29fc7-89f9-40b7-b825-af78e917b684,N0080,RN,2021-10-21,2026-10-20,False,1,50,49,2021-10-21,CURRENT,HR_7,2021-11-05,2026-01-14 02:44:54.079630,2026-01-14 02:44:54.079630
055d0789-efdd-4ff3-9fdb-12cbd8b6243b,N0080,BLS,2025-04-20,2027-04-20,False,4,8,4,2025-04-20,CURRENT,HR_4,2025-05-15,2026-01-14 02:44:54.079929,2026-01-14 02:44:54.079929
0b5231d2-5580-4f5f-b224-c20a8a9b1561,N0080,OB_NURS,2025-08-22,2028-08-21,False,4,30,26,2025-08-22,CURRENT,HR_9,2025-09-01,2026-01-14 02:44:54.080208,2026-01-14 02:44:54.080208
eee8f06d-2b63-4f64-80d5-571c6a466fcb,N0081,CHEMO,2024-05-05,2026-05-05,False,14,24,10,2024-05-05,CURRENT,HR_10,2024-05-25,2026-01-14 02:44:54.080933,2026-01-14 02:44:54.080933
dd961784-9763-489c-85f8-d9640feae672,N0081,BLS,2024-01-27,2026-01-26,False,7,8,1,2024-01-27,CURRENT,HR_4,2024-02-06,2026-01-14 02:44:54.081195,2026-01-14 02:44:54.081196
48f820b9-292a-4d7e-a911-fb062ac38b6d,N0081,IV_CERT,2025-07-22,2027-07-22,False,8,16,8,2025-07-22,CURRENT,HR_4,2025-08-05,2026-01-14 02:44:54.081445,2026-01-14 02:44:54.081446
3065e1ca-ed0d-4b2b-8bbe-e12cebe71364,N0081,OB_NURS,2024-04-09,2027-04-09,False,8,30,22,2024-04-09,CURRENT,HR_1,2024-04-27,2026-01-14 02:44:54.081704,2026-01-14 02:44:54.081704
30c7b8e4-3659-4260-8eb2-d92999f390c3,N0081,RN,2022-08-22,2027-08-21,False,23,50,27,2022-08-22,CURRENT,HR_3,2022-09-12,2026-01-14 02:44:54.081981,2026-01-14 02:44:54.081982
ffaa104c-6d6b-4402-b3b6-e6419fa5326a,N0082,BLS,2025-10-28,2027-10-28,False,2,8,6,2025-10-28,CURRENT,HR_7,2025-11-23,2026-01-14 02:44:54.082648,2026-01-14 02:44:54.082648
e15a4377-91c5-482e-a88f-9cb0cbfcd499,N0082,PEDS,2024-03-03,2027-03-03,False,13,30,17,2024-03-03,CURRENT,HR_7,2024-03-08,2026-01-14 02:44:54.082951,2026-01-14 02:44:54.082952
8ee0fc55-0a0e-428c-a6b0-2a879b63c2e5,N0082,IV_CERT,2025-02-11,2027-02-11,False,6,16,10,2025-02-11,CURRENT,HR_3,2025-03-08,2026-01-14 02:44:54.083240,2026-01-14 02:44:54.083240
d14cb6d8-1486-4af3-a04d-29ba9039fc51,N0082,RN,2022-12-10,2027-12-09,False,15,50,35,2022-12-10,CURRENT,HR_4,2023-01-07,2026-01-14 02:44:54.083501,2026-01-14 02:44:54.083501
9d6b1151-8ae0-49be-8c79-d9e809597008,N0082,ACLS,2025-04-29,2027-04-29,False,4,16,12,2025-04-29,CURRENT,HR_3,2025-05-25,2026-01-14 02:44:54.083757,2026-01-14 02:44:54.083757
2918d4b6-fb10-4953-ac0b-c5f5f338ef43,N0083,IV_CERT,2024-10-19,2026-10-19,False,6,16,10,2024-10-19,CURRENT,HR_9,2024-11-05,2026-01-14 02:44:54.084439,2026-01-14 02:44:54.084440
e0102cf1-d67e-4048-b4c3-8f3693e66505,N0083,POST_OP,2025-07-31,2027-07-31,False,6,20,14,2025-07-31,CURRENT,HR_4,2025-08-09,2026-01-14 02:44:54.084730,2026-01-14 02:44:54.084730
ee1731c8-f144-4ae4-b8cc-9d78b6508796,N0083,RN,2024-10-25,2029-10-24,False,10,50,40,2024-10-25,CURRENT,HR_2,2024-11-24,2026-01-14 02:44:54.085025,2026-01-14 02:44:54.085025
de4fb5d8-aa93-4ee3-8443-8c5fce392676,N0083,BLS,2024-09-11,2026-09-11,False,2,8,6,2024-09-11,CURRENT,HR_2,2024-09-29,2026-01-14 02:44:54.085295,2026-01-14 02:44:54.085295
bab70837-31ef-48b7-b037-a746eb94014c,N0084,BLS,2025-03-16,2027-03-16,False,3,8,5,2025-03-16,CURRENT,HR_10,2025-04-05,2026-01-14 02:44:54.086043,2026-01-14 02:44:54.086043
3081133b-d66c-4dc1-be2f-30e72d7e2bcf,N0084,IV_CERT,2025-11-05,2027-11-05,False,1,16,15,2025-11-05,CURRENT,HR_4,2025-12-01,2026-01-14 02:44:54.086332,2026-01-14 02:44:54.086333
e53f47ef-64b9-46c3-b64a-cf84d0c35a1e,N0084,POST_OP,2024-04-23,2026-04-23,False,16,20,4,2024-04-23,CURRENT,HR_4,2024-05-09,2026-01-14 02:44:54.086624,2026-01-14 02:44:54.086624
c7edcb4a-4e36-4b96-83ef-3be990c2c5ad,N0084,RN,2024-10-14,2029-10-13,False,10,50,40,2024-10-14,CURRENT,HR_5,2024-11-13,2026-01-14 02:44:54.086931,2026-01-14 02:44:54.086932
ff0afcd4-d191-48c2-b214-f79d4e732c76,N0084,ACLS,2025-11-30,2027-11-30,False,3,16,13,2025-11-30,CURRENT,HR_4,2025-12-24,2026-01-14 02:44:54.087202,2026-01-14 02:44:54.087203
e9ca9e00-4cd2-4289-84c4-d13c0efa4ec3,N0085,POST_OP,2025-04-14,2027-04-14,False,3,20,17,2025-04-14,CURRENT,HR_10,2025-05-07,2026-01-14 02:44:54.087865,2026-01-14 02:44:54.087865
0a6452ce-ec71-4cdb-ae4d-c25d7c978e41,N0085,RN,2025-09-02,2030-09-01,False,12,50,38,2025-09-02,CURRENT,HR_4,2025-09-20,2026-01-14 02:44:54.088168,2026-01-14 02:44:54.088168
bc84e64d-980b-4a38-b874-26b8e825c1e3,N0085,BLS,2025-07-04,2027-07-04,False,2,8,6,2025-07-04,CURRENT,HR_7,2025-07-19,2026-01-14 02:44:54.088446,2026-01-14 02:44:54.088446
434ec9ed-1383-4c06-8320-b14946f1c893,N0086,IV_CERT,2024-12-13,2026-12-13,False,4,16,12,2024-12-13,CURRENT,HR_5,2024-12-25,2026-01-14 02:44:54.089146,2026-01-14 02:44:54.089146
ff9a71e0-6b2d-4a0c-935d-6785b3ac880e,N0086,RN,2023-01-30,2028-01-29,False,15,50,35,2023-01-30,CURRENT,HR_8,2023-02-03,2026-01-14 02:44:54.089446,2026-01-14 02:44:54.089446
a3d5d875-6d59-45af-81fd-0c3806348eaa,N0086,BLS,2024-08-22,2026-08-22,False,2,8,6,2024-08-22,CURRENT,HR_4,2024-09-03,2026-01-14 02:44:54.089751,2026-01-14 02:44:54.089751
2f6ac3f0-4724-4e0a-91a9-b16bc1700acf,N0087,IV_CERT,2025-05-03,2027-05-03,False,2,16,14,2025-05-03,CURRENT,HR_1,2025-05-12,2026-01-14 02:44:54.090434,2026-01-14 02:44:54.090434
10da5d5d-4b73-4bc9-a698-77bfe28e4dcc,N0087,RN,2022-11-08,2027-11-07,False,18,50,32,2022-11-08,CURRENT,HR_10,2022-12-02,2026-01-14 02:44:54.090718,2026-01-14 02:44:54.090718
321ef33f-91da-4344-a565-816dcc933507,N0087,BLS,2024-10-14,2026-10-14,False,2,8,6,2024-10-14,CURRENT,HR_3,2024-10-21,2026-01-14 02:44:54.091008,2026-01-14 02:44:54.091008
0e05b01f-60a9-4a56-87fa-d8ac22208251,N0087,OB_NURS,2024-02-09,2027-02-08,False,7,30,23,2024-02-09,CURRENT,HR_7,2024-02-28,2026-01-14 02:44:54.091282,2026-01-14 02:44:54.091283
fa2b9e8e-d5dd-4059-b23a-a895a82ccefa,N0088,BLS,2024-02-14,2026-02-13,False,7,8,1,2024-02-14,CURRENT,HR_5,2024-03-10,2026-01-14 02:44:54.092015,2026-01-14 02:44:54.092015
7235a50f-a479-45f9-847a-913c93b42218,N0088,IV_CERT,2024-08-02,2026-08-02,False,7,16,9,2024-08-02,CURRENT,HR_8,2024-08-08,2026-01-14 02:44:54.092284,2026-01-14 02:44:54.092284
8111ddbc-6cc8-4524-908a-3f20bcd8b695,N0088,POST_OP,2024-12-20,2026-12-20,False,2,20,18,2024-12-20,CURRENT,HR_3,2025-01-13,2026-01-14 02:44:54.092540,2026-01-14 02:44:54.092540
f55ad12c-75f4-4b66-8032-5ce8bdbfd181,N0088,RN,2022-11-22,2027-11-21,False,15,50,35,2022-11-22,CURRENT,HR_3,2022-12-22,2026-01-14 02:44:54.092810,2026-01-14 02:44:54.092811
74420202-cfb7-4d3b-b33c-4ba5cb4de0ee,N0088,ACLS,2024-06-08,2026-06-08,False,11,16,5,2024-06-08,CURRENT,HR_1,2024-06-25,2026-01-14 02:44:54.093079,2026-01-14 02:44:54.093080
d1096ba7-856b-40df-aff3-1485022dffed,N0089,CHEMO,2024-01-31,2026-01-30,False,16,24,8,2024-01-31,CURRENT,HR_1,2024-02-14,2026-01-14 02:44:54.093734,2026-01-14 02:44:54.093734
449932b6-d98f-48fe-8768-198c5fbcc19e,N0089,BLS,2025-07-28,2027-07-28,False,1,8,7,2025-07-28,CURRENT,HR_2,2025-08-20,2026-01-14 02:44:54.094044,2026-01-14 02:44:54.094044
bca4e7af-d660-4b74-93c4-3dec0a0c1635,N0089,IV_CERT,2025-07-14,2027-07-14,False,0,16,16,2025-07-14,CURRENT,HR_4,2025-07-31,2026-01-14 02:44:54.094330,2026-01-14 02:44:54.094330
3ac312f1-12d5-4fb4-9f58-d7bbf866965d,N0089,CCU,2024-09-05,2026-09-05,False,11,40,29,2024-09-05,CURRENT,HR_1,2024-09-25,2026-01-14 02:44:54.094600,2026-01-14 02:44:54.094600
115f1f8e-0a6c-4bfa-a7fc-5ab83f40f320,N0089,RN,2022-05-19,2027-05-18,False,21,50,29,2022-05-19,CURRENT,HR_10,2022-06-18,2026-01-14 02:44:54.094879,2026-01-14 02:44:54.094879
45308e61-7049-487a-8b16-5723dbc0744e,N0089,ACLS,2024-08-08,2026-08-08,False,7,16,9,2024-08-08,CURRENT,HR_1,2024-08-09,2026-01-14 02:44:54.095183,2026-01-14 02:44:54.095183
9c018291-2c45-4f8e-8f99-fce3b9f628f8,N0090,IV_CERT,2024-10-20,2026-10-20,False,0,16,16,2024-10-20,CURRENT,HR_1,2024-11-06,2026-01-14 02:44:54.095824,2026-01-14 02:44:54.095825
c0484462-55d1-417c-8050-45a4a0e4f99f,N0090,POST_OP,2025-03-09,2027-03-09,False,8,20,12,2025-03-09,CURRENT,HR_5,2025-03-10,2026-01-14 02:44:54.096105,2026-01-14 02:44:54.096105
d4cc935d-5fe9-42a8-8cb0-9f3df86079f0,N0090,RN,2023-02-21,2028-02-20,False,22,50,28,2023-02-21,CURRENT,HR_7,2023-03-19,2026-01-14 02:44:54.096378,2026-01-14 02:44:54.096378
1afaa03c-05a2-4d45-b49b-b0dd187f8cce,N0090,BLS,2025-06-15,2027-06-15,False,0,8,8,2025-06-15,CURRENT,HR_2,2025-07-02,2026-01-14 02:44:54.096650,2026-01-14 02:44:54.096651
77898671-b034-4cbc-82cf-b2897f3e5ed4,N0091,IV_CERT,2025-06-02,2027-06-02,False,8,16,8,2025-06-02,CURRENT,HR_5,2025-06-29,2026-01-14 02:44:54.097351,2026-01-14 02:44:54.097351
d1739863-0135-4fc7-a75a-729cbfcb322d,N0091,RN,2023-12-21,2028-12-19,False,8,50,42,2023-12-21,CURRENT,HR_7,2023-12-24,2026-01-14 02:44:54.097618,2026-01-14 02:44:54.097618
c3c50409-0392-4de5-aa80-0ff7403cb5ca,N0091,BLS,2024-11-28,2026-11-28,False,3,8,5,2024-11-28,CURRENT,HR_8,2024-12-17,2026-01-14 02:44:54.097887,2026-01-14 02:44:54.097887
5c89ab87-1f40-44c4-8fcb-2d80b467f75f,N0092,PEDS,2025-08-22,2028-08-21,False,9,30,21,2025-08-22,CURRENT,HR_2,2025-09-12,2026-01-14 02:44:54.098601,2026-01-14 02:44:54.098601
a80628f3-7ae2-4643-aa29-f168b4da8d83,N0092,RN,2025-01-17,2030-01-16,False,24,50,26,2025-01-17,CURRENT,HR_1,2025-01-20,2026-01-14 02:44:54.098886,2026-01-14 02:44:54.098886
5580e833-2ac3-41ac-b8fb-b07b3d4e0a37,N0092,BLS,2025-05-22,2027-05-22,False,3,8,5,2025-05-22,CURRENT,HR_7,2025-06-09,2026-01-14 02:44:54.099174,2026-01-14 02:44:54.099174
1c818d71-53ec-4a62-ad49-6c70530e08a1,N0093,ICU,2024-03-03,2026-03-03,False,28,40,12,2024-03-03,CURRENT,HR_3,2024-03-06,2026-01-14 02:44:54.099855,2026-01-14 02:44:54.099855
d793284b-e78a-425a-b34d-01b6d8108ead,N0093,ACLS,2024-07-22,2026-07-22,False,6,16,10,2024-07-22,CURRENT,HR_6,2024-08-10,2026-01-14 02:44:54.100148,2026-01-14 02:44:54.100149
028ec4ac-17ca-4fac-857b-dc0a2f1b55cf,N0093,RN,2025-09-09,2030-09-08,False,16,50,34,2025-09-09,CURRENT,HR_1,2025-09-17,2026-01-14 02:44:54.100414,2026-01-14 02:44:54.100414
29d595f0-e7b0-4765-b84a-b3800d43ba1c,N0093,BLS,2025-05-13,2027-05-13,False,4,8,4,2025-05-13,CURRENT,HR_8,2025-05-22,2026-01-14 02:44:54.100690,2026-01-14 02:44:54.100691
5d23ffcc-93b5-4d84-bac1-fb18fbac115c,N0094,BLS,2025-09-30,2027-09-30,False,2,8,6,2025-09-30,CURRENT,HR_9,2025-10-19,2026-01-14 02:44:54.101464,2026-01-14 02:44:54.101464
7faee9e7-a390-46c7-b4df-0706764cad96,N0094,ICU,2024-02-11,2026-02-10,False,28,40,12,2024-02-11,CURRENT,HR_3,2024-03-12,2026-01-14 02:44:54.101789,2026-01-14 02:44:54.101789
9f736f9f-5463-42f8-96f1-f8f9d9cbb453,N0094,IV_CERT,2025-01-27,2027-01-27,False,0,16,16,2025-01-27,CURRENT,HR_4,2025-02-15,2026-01-14 02:44:54.102087,2026-01-14 02:44:54.102087
797e1c00-b924-464d-b34e-a426d15e178c,N0094,RN,2025-02-23,2030-02-22,False,24,50,26,2025-02-23,CURRENT,HR_7,2025-03-25,2026-01-14 02:44:54.102349,2026-01-14 02:44:54.102349
3bd21703-52fd-4730-a3a9-445f327b4bed,N0094,ACLS,2025-09-28,2027-09-28,False,4,16,12,2025-09-28,CURRENT,HR_3,2025-10-17,2026-01-14 02:44:54.102605,2026-01-14 02:44:54.102605
e7d40a45-e147-400b-9cf5-7fde59aadab4,N0095,CHEMO,2024-11-12,2026-11-12,False,10,24,14,2024-11-12,CURRENT,HR_9,2024-11-23,2026-01-14 02:44:54.103303,2026-01-14 02:44:54.103303
d99f3654-238e-49b4-b5d5-f402dde85e96,N0095,BLS,2024-11-17,2026-11-17,False,1,8,7,2024-11-17,CURRENT,HR_2,2024-12-04,2026-01-14 02:44:54.103584,2026-01-14 02:44:54.103584
7a3f31f0-eadc-4cb9-8da6-3fbfe1063970,N0095,IV_CERT,2024-12-26,2026-12-26,False,0,16,16,2024-12-26,CURRENT,HR_2,2025-01-09,2026-01-14 02:44:54.103861,2026-01-14 02:44:54.103861
69267257-fd3a-4126-916f-449ab93ac7cd,N0095,OB_NURS,2024-08-27,2027-08-27,False,2,30,28,2024-08-27,CURRENT,HR_6,2024-09-16,2026-01-14 02:44:54.104154,2026-01-14 02:44:54.104154
ac2b4488-f45e-4e23-94da-4d8bea0453d0,N0095,RN,2021-08-24,2026-08-23,False,19,50,31,2021-08-24,CURRENT,HR_10,2021-09-06,2026-01-14 02:44:54.104429,2026-01-14 02:44:54.104429
2276bd30-04a1-458a-9054-4e01cf7c0bae,N0096,BLS,2024-03-06,2026-03-06,False,7,8,1,2024-03-06,CURRENT,HR_8,2024-03-22,2026-01-14 02:44:54.105165,2026-01-14 02:44:54.105165
c6984848-8411-4027-b95f-3016a80ba355,N0096,IV_CERT,2025-04-26,2027-04-26,False,5,16,11,2025-04-26,CURRENT,HR_9,2025-05-09,2026-01-14 02:44:54.105438,2026-01-14 02:44:54.105439
68afb9f9-c770-4854-a907-d89d770917f0,N0096,OB_NURS,2023-07-15,2026-07-14,False,5,30,25,2023-07-15,CURRENT,HR_10,2023-08-06,2026-01-14 02:44:54.106585,2026-01-14 02:44:54.106586
fc634de7-85f7-4364-9da4-47ddc8ec260d,N0096,RN,2023-10-29,2028-10-27,False,2,50,48,2023-10-29,CURRENT,HR_10,2023-11-08,2026-01-14 02:44:54.106999,2026-01-14 02:44:54.107000
f432f4c7-34e0-4f66-b5b6-8a44f9178286,N0096,ACLS,2025-04-07,2027-04-07,False,1,16,15,2025-04-07,CURRENT,HR_2,2025-04-16,2026-01-14 02:44:54.107373,2026-01-14 02:44:54.107374
14148328-678f-4c2b-a4cc-f4fbf2fa9748,N0097,RN,2025-01-25,2030-01-24,False,4,50,46,2025-01-25,CURRENT,HR_7,2025-02-05,2026-01-14 02:44:54.108343,2026-01-14 02:44:54.108344
9d2061f9-c033-4e76-8e37-408dcb63ed1a,N0097,BLS,2025-06-14,2027-06-14,False,0,8,8,2025-06-14,CURRENT,HR_2,2025-06-15,2026-01-14 02:44:54.108680,2026-01-14 02:44:54.108681
c34818b0-ac46-43ed-98b6-9c1adcfba79a,N0098,BLS,2025-03-14,2027-03-14,False,0,8,8,2025-03-14,CURRENT,HR_3,2025-03-17,2026-01-14 02:44:54.109507,2026-01-14 02:44:54.109508
faab4155-1a3c-4076-a783-3265fb731146,N0098,PEDS,2024-11-27,2027-11-27,False,13,30,17,2024-11-27,CURRENT,HR_8,2024-12-15,2026-01-14 02:44:54.109808,2026-01-14 02:44:54.109808
b33fbc5e-80b8-4cf3-b1f8-46a7317a30ea,N0098,IV_CERT,2024-05-26,2026-05-26,False,10,16,6,2024-05-26,CURRENT,HR_7,2024-05-30,2026-01-14 02:44:54.110144,2026-01-14 02:44:54.110144
26d5b01e-336b-4dd6-a182-838434521c36,N0098,RN,2025-10-23,2030-10-22,False,2,50,48,2025-10-23,CURRENT,HR_6,2025-11-10,2026-01-14 02:44:54.110466,2026-01-14 02:44:54.110466
0b406589-9d6a-4fff-8d3c-f4f72aa9c6c3,N0098,ACLS,2025-09-11,2027-09-11,False,5,16,11,2025-09-11,CURRENT,HR_7,2025-09-12,2026-01-14 02:44:54.110773,2026-01-14 02:44:54.110774
42fdefd8-ff74-44bc-9133-cd1181603aa2,N0099,PEDS,2025-06-25,2028-06-24,False,7,30,23,2025-06-25,CURRENT,HR_10,2025-07-12,2026-01-14 02:44:54.111574,2026-01-14 02:44:54.111575
90861a0f-5dab-40fb-a20b-98b95a69ccb0,N0099,IV_CERT,2025-06-25,2027-06-25,False,6,16,10,2025-06-25,CURRENT,HR_3,2025-06-30,2026-01-14 02:44:54.111885,2026-01-14 02:44:54.111885
af63c303-ebc5-4d1f-95f2-b21658a9d916,N0099,RN,2024-06-13,2029-06-12,False,9,50,41,2024-06-13,CURRENT,HR_5,2024-06-29,2026-01-14 02:44:54.112193,2026-01-14 02:44:54.112193
c97e1458-6ce5-4efe-af0f-b206751f9080,N0099,BLS,2025-07-19,2027-07-19,False,0,8,8,2025-07-19,CURRENT,HR_3,2025-08-02,2026-01-14 02:44:54.112468,2026-01-14 02:44:54.112469
7430db42-4cf8-4e87-a539-77787f7b65f6,N0100,IV_CERT,2025-09-28,2027-09-28,False,5,16,11,2025-09-28,CURRENT,HR_5,2025-10-06,2026-01-14 02:44:54.113238,2026-01-14 02:44:54.113239
77d487ed-2820-4cf3-9b43-d4f32596c6d5,N0100,RN,2021-11-30,2026-11-29,False,20,50,30,2021-11-30,CURRENT,HR_8,2021-12-20,2026-01-14 02:44:54.113560,2026-01-14 02:44:54.113561
490c0358-e5ff-4875-8946-c1ea9f875632,N0100,BLS,2024-03-24,2026-03-24,False,6,8,2,2024-03-24,CURRENT,HR_8,2024-03-28,2026-01-14 02:44:54.113890,2026-01-14 02:44:54.113890
9e98dc78-86b6-40fd-9e2b-1349b0abf854,N0101,ICU,2025-12-12,2027-12-12,False,12,40,28,2025-12-12,CURRENT,HR_6,2026-01-08,2026-01-14 02:44:54.114576,2026-01-14 02:44:54.114577
4b21f691-bbaf-426b-bed1-6eb1938c7f63,N0101,ACLS,2025-02-01,2027-02-01,False,6,16,10,2025-02-01,CURRENT,HR_6,2025-02-16,2026-01-14 02:44:54.114876,2026-01-14 02:44:54.114876
35f2e75c-6898-41d0-8252-e3770fe05874,N0101,RN,2025-06-27,2030-06-26,False,13,50,37,2025-06-27,CURRENT,HR_10,2025-07-02,2026-01-14 02:44:54.115195,2026-01-14 02:44:54.115195
869592a4-6cd4-43ca-8cee-6a6bc74dee8c,N0101,BLS,2025-07-15,2027-07-15,False,2,8,6,2025-07-15,CURRENT,HR_10,2025-08-07,2026-01-14 02:44:54.115514,2026-01-14 02:44:54.115514
02dc9f66-81e5-45fd-839c-2fa02af321bc,N0102,POST_OP,2025-07-08,2027-07-08,False,2,20,18,2025-07-08,CURRENT,HR_7,2025-07-19,2026-01-14 02:44:54.116257,2026-01-14 02:44:54.116258
cab627d3-c1da-4b4b-a93d-814d470f7ed0,N0102,RN,2025-07-19,2030-07-18,False,23,50,27,2025-07-19,CURRENT,HR_8,2025-08-07,2026-01-14 02:44:54.116556,2026-01-14 02:44:54.116557
83b31c09-6938-4b59-93ef-936aff1730f5,N0102,BLS,2025-08-13,2027-08-13,False,2,8,6,2025-08-13,CURRENT,HR_7,2025-08-22,2026-01-14 02:44:54.116837,2026-01-14 02:44:54.116837
9df97356-6caa-47c6-bab9-93c43485fd46,N0103,CHEMO,2024-11-08,2026-11-08,False,5,24,19,2024-11-08,CURRENT,HR_2,2024-12-08,2026-01-14 02:44:54.117572,2026-01-14 02:44:54.117573
60467a4f-6af8-44e2-99f5-7cc4ece95304,N0103,BLS,2024-05-17,2026-05-17,False,4,8,4,2024-05-17,CURRENT,HR_10,2024-06-04,2026-01-14 02:44:54.117847,2026-01-14 02:44:54.117848
fc7dcf3f-fc57-4fc3-9b47-3135707a46e9,N0103,IV_CERT,2025-06-14,2027-06-14,False,8,16,8,2025-06-14,CURRENT,HR_1,2025-07-08,2026-01-14 02:44:54.118184,2026-01-14 02:44:54.118185
c780db5f-c629-4295-bd17-9901743219f4,N0103,OB_NURS,2023-05-15,2026-05-14,False,23,30,7,2023-05-15,CURRENT,HR_4,2023-05-30,2026-01-14 02:44:54.118486,2026-01-14 02:44:54.118487
e7ef8810-9942-4f63-9673-05d796a5fb38,N0103,RN,2024-04-28,2029-04-27,False,22,50,28,2024-04-28,CURRENT,HR_2,2024-05-25,2026-01-14 02:44:54.118792,2026-01-14 02:44:54.118792
7562b7c1-54dd-415d-b6e9-c11c5d64dc12,N0104,CHEMO,2025-05-20,2027-05-20,False,10,24,14,2025-05-20,CURRENT,HR_8,2025-05-25,2026-01-14 02:44:54.119577,2026-01-14 02:44:54.119578
75951e08-4834-49df-b027-9eb42c64245a,N0104,BLS,2025-01-25,2027-01-25,False,2,8,6,2025-01-25,CURRENT,HR_4,2025-02-03,2026-01-14 02:44:54.119911,2026-01-14 02:44:54.119911
6f8aaa20-eddc-45a7-a034-cdefa7b6fd9b,N0104,ICU,2025-09-28,2027-09-28,False,13,40,27,2025-09-28,CURRENT,HR_7,2025-10-01,2026-01-14 02:44:54.120279,2026-01-14 02:44:54.120279
a9bfa730-d808-46dc-988c-f2a67b19082a,N0104,RN,2025-04-30,2030-04-29,False,19,50,31,2025-04-30,CURRENT,HR_8,2025-05-19,2026-01-14 02:44:54.120600,2026-01-14 02:44:54.120600
e234f3e9-e27d-4e8e-b89b-5804c1f64ad7,N0104,ACLS,2025-05-24,2027-05-24,False,8,16,8,2025-05-24,CURRENT,HR_9,2025-06-23,2026-01-14 02:44:54.120924,2026-01-14 02:44:54.120925
6e72b948-8602-4c90-9982-4b34d0fa5363,N0105,BLS,2024-06-07,2026-06-07,False,3,8,5,2024-06-07,CURRENT,HR_6,2024-06-30,2026-01-14 02:44:54.121721,2026-01-14 02:44:54.121721
5937527e-87cb-438a-848b-2300da6ca86c,N0105,PEDS,2025-06-24,2028-06-23,False,3,30,27,2025-06-24,CURRENT,HR_4,2025-07-16,2026-01-14 02:44:54.122026,2026-01-14 02:44:54.122026
d56cd661-2cd0-4147-a1dd-7f5aef260e0b,N0105,IV_CERT,2024-02-04,2026-02-03,False,13,16,3,2024-02-04,CURRENT,HR_3,2024-02-25,2026-01-14 02:44:54.122359,2026-01-14 02:44:54.122359
3093d951-b06e-4152-bd0a-1203101ebd9b,N0105,RN,2022-07-10,2027-07-09,False,1,50,49,2022-07-10,CURRENT,HR_10,2022-07-31,2026-01-14 02:44:54.122661,2026-01-14 02:44:54.122661
4f50af28-f23d-4be6-99ff-9915f08adc90,N0105,ACLS,2024-01-22,2026-01-21,False,16,16,0,2024-01-22,CURRENT,HR_7,2024-02-16,2026-01-14 02:44:54.122951,2026-01-14 02:44:54.122951
f885d376-d0b4-42cf-a7a8-8058a07881bd,N0106,IV_CERT,2025-08-29,2027-08-29,False,0,16,16,2025-08-29,CURRENT,HR_2,2025-09-07,2026-01-14 02:44:54.123715,2026-01-14 02:44:54.123715
61488d6d-2167-4841-bde3-74fbf16f91e5,N0106,RN,2024-09-17,2029-09-16,False,16,50,34,2024-09-17,CURRENT,HR_9,2024-10-05,2026-01-14 02:44:54.124050,2026-01-14 02:44:54.124050
e110fc37-6d50-46ae-8dee-ab28b2ac46ad,N0106,BLS,2024-04-30,2026-04-30,False,4,8,4,2024-04-30,CURRENT,HR_8,2024-05-12,2026-01-14 02:44:54.124396,2026-01-14 02:44:54.124396
c2d143fd-a406-4aaf-8b7e-d6239fafec30,N0106,OB_NURS,2023-10-06,2026-10-05,False,14,30,16,2023-10-06,CURRENT,HR_10,2023-10-29,2026-01-14 02:44:54.124727,2026-01-14 02:44:54.124728
d56d9e1c-c4bf-43fd-b9f0-c1343d520526,N0107,RN,2025-06-22,2030-06-21,False,0,50,50,2025-06-22,CURRENT,HR_8,2025-06-26,2026-01-14 02:44:54.125534,2026-01-14 02:44:54.125534
c8380c84-c6ed-4c98-93e2-d3ed60701592,N0107,BLS,2025-07-17,2027-07-17,False,3,8,5,2025-07-17,CURRENT,HR_2,2025-07-21,2026-01-14 02:44:54.125868,2026-01-14 02:44:54.125869
177c11f1-b24d-491b-b7e5-5308ba534e0d,N0107,OB_NURS,2025-10-04,2028-10-03,False,11,30,19,2025-10-04,CURRENT,HR_5,2025-10-15,2026-01-14 02:44:54.126197,2026-01-14 02:44:54.126197
c9b2fa13-6859-47d1-82ce-64e146137229,N0108,IV_CERT,2024-08-08,2026-08-08,False,5,16,11,2024-08-08,CURRENT,HR_8,2024-08-12,2026-01-14 02:44:54.127030,2026-01-14 02:44:54.127031
61afd9c4-c09f-48a6-8525-50f3e4817dde,N0108,RN,2023-07-02,2028-06-30,False,23,50,27,2023-07-02,CURRENT,HR_8,2023-07-13,2026-01-14 02:44:54.127357,2026-01-14 02:44:54.127357
59d13d79-1b0b-4e70-84e5-d3fb080b6afb,N0108,BLS,2025-10-08,2027-10-08,False,2,8,6,2025-10-08,CURRENT,HR_1,2025-11-03,2026-01-14 02:44:54.127657,2026-01-14 02:44:54.127658
5e4077b4-bb40-4173-8d39-7923fdb9dd91,N0108,OB_NURS,2025-04-24,2028-04-23,False,0,30,30,2025-04-24,CURRENT,HR_6,2025-05-15,2026-01-14 02:44:54.128010,2026-01-14 02:44:54.128010
c595949d-392f-4174-b327-b83e5b2e9e44,N0109,CHEMO,2025-04-10,2027-04-10,False,8,24,16,2025-04-10,CURRENT,HR_3,2025-04-28,2026-01-14 02:44:54.128788,2026-01-14 02:44:54.128788
f3717ee7-8b14-4691-9182-187686eb06e2,N0109,BLS,2025-07-05,2027-07-05,False,2,8,6,2025-07-05,CURRENT,HR_9,2025-07-19,2026-01-14 02:44:54.129132,2026-01-14 02:44:54.129133
d3eb9b1d-947d-4404-b5c9-534a198a3148,N0109,PEDS,2023-05-14,2026-05-13,False,15,30,15,2023-05-14,CURRENT,HR_7,2023-06-04,2026-01-14 02:44:54.129432,2026-01-14 02:44:54.129433
65b985f1-0857-4e5b-9b74-d273cb7ad16d,N0109,IV_CERT,2025-06-10,2027-06-10,False,2,16,14,2025-06-10,CURRENT,HR_7,2025-06-23,2026-01-14 02:44:54.129725,2026-01-14 02:44:54.129725
2db30b6b-590a-4829-a13e-2c45fe511075,N0109,RN,2025-10-17,2030-10-16,False,23,50,27,2025-10-17,CURRENT,HR_10,2025-11-15,2026-01-14 02:44:54.130037,2026-01-14 02:44:54.130037
f3b441a9-047e-422d-a7cd-9dbd3afe3c8c,N0110,PEDS,2023-10-11,2026-10-10,False,0,30,30,2023-10-11,CURRENT,HR_4,2023-10-18,2026-01-14 02:44:54.130788,2026-01-14 02:44:54.130788
71850c8c-2e25-4cb1-9596-a86fd1d7cc28,N0110,IV_CERT,2025-03-05,2027-03-05,False,1,16,15,2025-03-05,CURRENT,HR_10,2025-03-09,2026-01-14 02:44:54.131135,2026-01-14 02:44:54.131135
6ccd3492-6530-4e30-b112-b09a84cdb189,N0110,RN,2021-06-22,2026-06-21,False,37,50,13,2021-06-22,CURRENT,HR_3,2021-07-04,2026-01-14 02:44:54.131447,2026-01-14 02:44:54.131447
8aef11fe-03fc-4aad-b13a-b632f2939b23,N0110,BLS,2025-01-16,2027-01-16,False,1,8,7,2025-01-16,CURRENT,HR_8,2025-01-20,2026-01-14 02:44:54.131768,2026-01-14 02:44:54.131769
e59d6208-9121-4c20-a368-88c62b8b6e06,N0111,RN,2024-08-01,2029-07-31,False,16,50,34,2024-08-01,CURRENT,HR_6,2024-08-21,2026-01-14 02:44:54.132525,2026-01-14 02:44:54.132525
0fb20e6d-5b0c-4840-8b19-993b52d12968,N0111,BLS,2024-11-13,2026-11-13,False,4,8,4,2024-11-13,CURRENT,HR_7,2024-12-02,2026-01-14 02:44:54.132867,2026-01-14 02:44:54.132867
73dd143e-f384-4192-9a40-87e92a990c84,N0111,OB_NURS,2025-08-21,2028-08-20,False,11,30,19,2025-08-21,CURRENT,HR_6,2025-09-18,2026-01-14 02:44:54.133216,2026-01-14 02:44:54.133217
c12574d4-7436-4377-96f4-12e3b5e7ae4a,N0112,IV_CERT,2024-01-26,2026-01-25,False,16,16,0,2024-01-26,CURRENT,HR_5,2024-02-25,2026-01-14 02:44:54.133966,2026-01-14 02:44:54.133966
18064d49-d7ee-4c4d-ae94-c84487d779ed,N0112,POST_OP,2024-03-26,2026-03-26,False,18,20,2,2024-03-26,CURRENT,HR_2,2024-04-17,2026-01-14 02:44:54.134269,2026-01-14 02:44:54.134270
a0efa490-156d-4752-8dcb-5f89ff92b2cb,N0112,RN,2025-03-16,2030-03-15,False,10,50,40,2025-03-16,CURRENT,HR_2,2025-03-24,2026-01-14 02:44:54.134592,2026-01-14 02:44:54.134592
6bb9e85e-af7d-4ecf-95f2-d3d65ae85802,N0112,BLS,2025-02-06,2027-02-06,False,0,8,8,2025-02-06,CURRENT,HR_3,2025-02-18,2026-01-14 02:44:54.134893,2026-01-14 02:44:54.134893
f3ea3fb2-61c2-4d30-ab01-ff484bb2fd47,N0113,IV_CERT,2024-07-10,2026-07-10,False,9,16,7,2024-07-10,CURRENT,HR_7,2024-07-30,2026-01-14 02:44:54.135735,2026-01-14 02:44:54.135735
7ad7cca4-9db3-4e17-9563-d0f66bfa7ace,N0113,RN,2025-03-08,2030-03-07,False,18,50,32,2025-03-08,CURRENT,HR_7,2025-03-22,2026-01-14 02:44:54.136094,2026-01-14 02:44:54.136095
f870de8c-ca26-4ebc-babf-0adeccf77318,N0113,BLS,2025-06-08,2027-06-08,False,3,8,5,2025-06-08,CURRENT,HR_9,2025-07-01,2026-01-14 02:44:54.136415,2026-01-14 02:44:54.136415
f43e5225-260c-4d69-85de-da0e0477af8e,N0113,OB_NURS,2024-12-26,2027-12-26,False,5,30,25,2024-12-26,CURRENT,HR_8,2025-01-05,2026-01-14 02:44:54.136745,2026-01-14 02:44:54.136745
32282f3f-d04e-410a-a10e-aff3a4dc6075,N0114,IV_CERT,2024-09-10,2026-09-10,False,0,16,16,2024-09-10,CURRENT,HR_6,2024-09-11,2026-01-14 02:44:54.137482,2026-01-14 02:44:54.137483
8476eebb-e829-4d94-b07f-c74542e6d99a,N0114,RN,2023-03-29,2028-03-27,False,4,50,46,2023-03-29,CURRENT,HR_4,2023-04-25,2026-01-14 02:44:54.137817,2026-01-14 02:44:54.137818
34854417-21f5-488f-ae39-76ac165eef36,N0114,BLS,2024-11-17,2026-11-17,False,4,8,4,2024-11-17,CURRENT,HR_9,2024-12-08,2026-01-14 02:44:54.138163,2026-01-14 02:44:54.138163
5ce003d7-8cd2-47d7-8fa8-cf6642f9775f,N0114,OB_NURS,2023-03-08,2026-03-07,False,27,30,3,2023-03-08,CURRENT,HR_8,2023-03-22,2026-01-14 02:44:54.138477,2026-01-14 02:44:54.138477
79f0f980-9fbd-4c58-acdd-d8476e800bfd,N0115,BLS,2025-06-27,2027-06-27,False,0,8,8,2025-06-27,CURRENT,HR_10,2025-06-28,2026-01-14 02:44:54.139290,2026-01-14 02:44:54.139290
a2808779-fbf2-4cfd-96e4-af897d4a4cc8,N0115,PEDS,2024-09-20,2027-09-20,False,9,30,21,2024-09-20,CURRENT,HR_1,2024-09-29,2026-01-14 02:44:54.139634,2026-01-14 02:44:54.139634
b8a8b8fb-f961-4df4-b2fb-481d0d81e2ae,N0115,IV_CERT,2025-04-29,2027-04-29,False,8,16,8,2025-04-29,CURRENT,HR_5,2025-05-05,2026-01-14 02:44:54.139965,2026-01-14 02:44:54.139965
4f99623f-9abe-448c-9c89-6578cab93672,N0115,RN,2021-07-31,2026-07-30,False,14,50,36,2021-07-31,CURRENT,HR_10,2021-08-24,2026-01-14 02:44:54.140289,2026-01-14 02:44:54.140289
c79784d3-732d-4cd5-b157-c434839185f3,N0115,ACLS,2024-07-26,2026-07-26,False,8,16,8,2024-07-26,CURRENT,HR_9,2024-07-30,2026-01-14 02:44:54.140596,2026-01-14 02:44:54.140596
4cc5f3af-ff38-48b0-8fd4-92ae8859aa1c,N0116,IV_CERT,2025-03-16,2027-03-16,False,8,16,8,2025-03-16,CURRENT,HR_6,2025-04-03,2026-01-14 02:44:54.141419,2026-01-14 02:44:54.141419
6d5eff7e-f944-459d-bb01-a6ac04833de1,N0116,POST_OP,2025-11-03,2027-11-03,False,7,20,13,2025-11-03,CURRENT,HR_9,2025-11-10,2026-01-14 02:44:54.141789,2026-01-14 02:44:54.141789
56f34eab-3484-44e6-8178-eebe2d95ecf8,N0116,RN,2023-07-29,2028-07-27,False,3,50,47,2023-07-29,CURRENT,HR_4,2023-08-08,2026-01-14 02:44:54.142151,2026-01-14 02:44:54.142151
7999740a-a871-4762-8c40-6e5730f3a8c4,N0116,BLS,2025-11-12,2027-11-12,False,3,8,5,2025-11-12,CURRENT,HR_5,2025-11-24,2026-01-14 02:44:54.142499,2026-01-14 02:44:54.142499
ff722679-521b-4a51-ac11-03f68f7afd9c,N0117,BLS,2025-08-17,2027-08-17,False,1,8,7,2025-08-17,CURRENT,HR_4,2025-09-12,2026-01-14 02:44:54.143297,2026-01-14 02:44:54.143298
346355ef-3b0a-4455-b517-c15878588da7,N0117,PEDS,2023-12-28,2026-12-27,False,13,30,17,2023-12-28,CURRENT,HR_3,2024-01-17,2026-01-14 02:44:54.143641,2026-01-14 02:44:54.143641
741da834-27fe-4ad8-926b-d2467d017328,N0117,IV_CERT,2025-07-26,2027-07-26,False,3,16,13,2025-07-26,CURRENT,HR_4,2025-08-21,2026-01-14 02:44:54.143959,2026-01-14 02:44:54.143959
8c7b1539-2265-4360-9c5b-c15ac4acd819,N0117,RN,2025-08-16,2030-08-15,False,18,50,32,2025-08-16,CURRENT,HR_6,2025-09-03,2026-01-14 02:44:54.144275,2026-01-14 02:44:54.144276
29aa7763-fd21-46c7-9476-937cb1f75779,N0117,ACLS,2025-03-03,2027-03-03,False,8,16,8,2025-03-03,CURRENT,HR_3,2025-03-14,2026-01-14 02:44:54.144605,2026-01-14 02:44:54.144605
922743f2-161e-4775-a6cd-5c4ecb5173c1,N0118,CHEMO,2025-02-19,2027-02-19,False,4,24,20,2025-02-19,CURRENT,HR_10,2025-02-28,2026-01-14 02:44:54.145390,2026-01-14 02:44:54.145390
f1c1bd39-4e7f-4f89-8d5d-e60a5df76672,N0118,BLS,2024-07-07,2026-07-07,False,3,8,5,2024-07-07,CURRENT,HR_3,2024-08-01,2026-01-14 02:44:54.145728,2026-01-14 02:44:54.145729
5b8bd082-706f-48af-bfb0-034df27cff17,N0118,ICU,2024-10-20,2026-10-20,False,1,40,39,2024-10-20,CURRENT,HR_5,2024-11-17,2026-01-14 02:44:54.146075,2026-01-14 02:44:54.146076
1f3a1e2e-c280-498a-8f98-dd72c8d7d584,N0118,IV_CERT,2024-02-13,2026-02-12,False,12,16,4,2024-02-13,CURRENT,HR_3,2024-02-21,2026-01-14 02:44:54.146389,2026-01-14 02:44:54.146390
c84721b3-7709-47cb-832f-94e0cb764fb2,N0118,RN,2025-02-19,2030-02-18,False,22,50,28,2025-02-19,CURRENT,HR_6,2025-03-18,2026-01-14 02:44:54.146737,2026-01-14 02:44:54.146737
0a37856f-a27a-4084-8f77-daea31a16d98,N0118,ACLS,2025-04-06,2027-04-06,False,6,16,10,2025-04-06,CURRENT,HR_8,2025-04-11,2026-01-14 02:44:54.147049,2026-01-14 02:44:54.147050
9a7847a4-4644-4b32-9a5f-b4b2722e97c4,N0119,BLS,2024-10-17,2026-10-17,False,3,8,5,2024-10-17,CURRENT,HR_8,2024-10-20,2026-01-14 02:44:54.147826,2026-01-14 02:44:54.147826
1d22f32e-4f64-41cf-b3dd-74632ab1d08e,N0119,PEDS,2025-06-08,2028-06-07,False,12,30,18,2025-06-08,CURRENT,HR_9,2025-07-02,2026-01-14 02:44:54.148169,2026-01-14 02:44:54.148169
1512c271-4ee1-493f-82f8-b6163fe2095f,N0119,IV_CERT,2025-03-06,2027-03-06,False,5,16,11,2025-03-06,CURRENT,HR_8,2025-03-22,2026-01-14 02:44:54.148454,2026-01-14 02:44:54.148454
59b831a6-dd59-4b4c-b76d-a84a3dc6344c,N0119,RN,2024-02-14,2029-02-12,False,18,50,32,2024-02-14,CURRENT,HR_1,2024-03-13,2026-01-14 02:44:54.148796,2026-01-14 02:44:54.148797
f2f4845a-d5d8-45af-b000-54414ba59e97,N0119,ACLS,2025-09-11,2027-09-11,False,7,16,9,2025-09-11,CURRENT,HR_6,2025-10-09,2026-01-14 02:44:54.149144,2026-01-14 02:44:54.149145
0cb534aa-deb9-47bf-9ef7-21c03ab429e0,N0120,IV_CERT,2024-06-16,2026-06-16,False,9,16,7,2024-06-16,CURRENT,HR_4,2024-06-30,2026-01-14 02:44:54.149879,2026-01-14 02:44:54.149879
e795b098-7862-430f-89a6-486218904925,N0120,POST_OP,2025-05-13,2027-05-13,False,7,20,13,2025-05-13,CURRENT,HR_5,2025-05-24,2026-01-14 02:44:54.150204,2026-01-14 02:44:54.150204
6850c928-706d-433a-99c6-9aea7ccc5d1f,N0120,RN,2024-05-14,2029-05-13,False,10,50,40,2024-05-14,CURRENT,HR_9,2024-06-02,2026-01-14 02:44:54.150485,2026-01-14 02:44:54.150485
621e01da-1279-4c0e-b728-5126b5b2b970,N0120,BLS,2025-08-04,2027-08-04,False,4,8,4,2025-08-04,CURRENT,HR_8,2025-08-30,2026-01-14 02:44:54.150760,2026-01-14 02:44:54.150761
